1,290,4.0,1,0,0,0,0,0,0,0,0
0,11,3.5,0,0,0,0,0,0,1,0,0
1,294,4.0,0,0,0,0,0,0,0,0,1
1,488,3.5,0,0,1,0,0,0,0,0,0
0,33,3.0,0,0,0,0,0,0,0,0,1
0,26,3.5,1,0,0,0,0,0,0,0,0
1,247,3.5,1,0,0,0,0,0,0,0,0
0,11,3.0,0,1,0,0,0,0,0,0,0
0,128,3.0,0,0,0,0,0,0,1,0,0
0,69,4.0,0,0,0,0,1,0,0,0,0
0,1,5.0,0,0,0,1,0,0,0,0,0
0,172,3.0,0,1,0,0,0,0,0,0,0
0,48,4.0,0,1,0,0,0,0,0,0,0
1,334,4.0,1,0,0,0,0,0,0,0,0
0,32,4.0,0,0,0,0,1,0,0,0,0
0,8,4.0,0,1,0,0,0,0,0,0,0
0,35,3.5,1,0,0,0,0,0,0,0,0
1,102,3.5,1,0,0,0,0,0,0,0,0
0,6,3.5,0,1,0,0,0,0,0,0,0
0,2,5.0,0,1,0,0,0,0,0,0,0
0,158,3.0,0,0,0,1,0,0,0,0,0
0,52,3.0,1,0,0,0,0,0,0,0,0
0,17,4.0,0,0,0,0,1,0,0,0,0
0,61,3.5,0,0,0,0,0,0,1,0,0
1,136,3.5,0,0,0,0,0,0,1,0,0
1,132,4.0,0,0,0,0,0,0,0,0,1
0,2,3.0,0,0,0,1,0,0,0,0,0
1,106,4.0,0,0,1,0,0,0,0,0,0
1,113,3.5,0,0,0,0,0,0,0,1,0
0,198,3.0,1,0,0,0,0,0,0,0,0
0,6,3.0,0,0,0,0,1,0,0,0,0
1,161,4.0,0,0,0,1,0,0,0,0,0
1,189,3.5,1,0,0,0,0,0,0,0,0
1,907,3.5,0,0,0,0,0,0,1,0,0
0,62,3.5,1,0,0,0,0,0,0,0,0
0,116,3.0,0,0,0,1,0,0,0,0,0
0,35,3.5,0,0,0,0,1,0,0,0,0
0,62,4.0,0,0,0,0,1,0,0,0,0
0,74,4.5,0,0,0,0,0,0,1,0,0
1,127,3.5,1,0,0,0,0,0,0,0,0
0,66,3.5,0,0,1,0,0,0,0,0,0
1,264,4.0,1,0,0,0,0,0,0,0,0
1,238,4.0,1,0,0,0,0,0,0,0,0
0,6,4.0,0,0,1,0,0,0,0,0,0
0,63,4.0,1,0,0,0,0,0,0,0,0
0,59,4.0,0,0,0,0,0,0,1,0,0
1,122,3.5,0,1,0,0,0,0,0,0,0
0,66,3.5,0,0,1,0,0,0,0,0,0
0,32,3.5,1,0,0,0,0,0,0,0,0
0,61,3.5,0,0,0,1,0,0,0,0,0
1,420,4.0,0,0,0,0,1,0,0,0,0
0,72,3.5,1,0,0,0,0,0,0,0,0
0,14,3.5,0,0,0,0,1,0,0,0,0
1,257,3.5,0,0,0,0,1,0,0,0,0
0,32,3.5,0,0,0,0,0,0,1,0,0
0,6,3.0,0,0,0,0,1,0,0,0,0
0,17,3.0,1,0,0,0,0,0,0,0,0
1,146,3.5,0,0,0,1,0,0,0,0,0
0,13,3.5,0,0,0,0,1,0,0,0,0
0,19,3.0,0,0,0,0,1,0,0,0,0
0,5,4.5,0,1,0,0,0,0,0,0,0
1,133,4.0,0,0,0,0,1,0,0,0,0
0,12,4.0,0,1,0,0,0,0,0,0,0
0,2,3.0,0,0,0,0,0,0,1,0,0
1,275,4.0,0,1,0,0,0,0,0,0,0
0,4,3.0,0,1,0,0,0,0,0,0,0
0,36,4.0,0,0,0,0,1,0,0,0,0
0,1,3.0,0,1,0,0,0,0,0,0,0
0,18,3.0,0,1,0,0,0,0,0,0,0
1,174,3.5,0,0,0,1,0,0,0,0,0
1,128,4.0,1,0,0,0,0,0,0,0,0
0,20,3.5,1,0,0,0,0,0,0,0,0
1,158,4.5,0,0,0,1,0,0,0,0,0
1,157,3.5,0,0,0,0,1,0,0,0,0
1,244,4.0,1,0,0,0,0,0,0,0,0
0,62,4.0,0,0,0,0,1,0,0,0,0
0,22,3.0,0,0,0,0,1,0,0,0,0
1,193,3.5,0,0,0,0,1,0,0,0,0
0,28,4.0,0,0,0,0,1,0,0,0,0
0,135,3.0,0,0,0,0,0,1,0,0,0
0,35,4.0,0,1,0,0,0,0,0,0,0
0,7,4.0,0,1,0,0,0,0,0,0,0
0,1,4.0,0,0,0,1,0,0,0,0,0
1,153,3.5,0,1,0,0,0,0,0,0,0
0,52,4.5,0,0,0,0,0,0,1,0,0
1,125,3.5,0,1,0,0,0,0,0,0,0
0,26,3.5,0,0,0,1,0,0,0,0,0
1,311,3.5,0,0,0,1,0,0,0,0,0
0,135,3.0,0,0,0,0,0,0,1,0,0
0,1,4.0,0,1,0,0,0,0,0,0,0
1,151,4.0,0,0,0,0,0,0,1,0,0
0,3,4.5,0,0,0,0,0,0,1,0,0
0,24,3.0,0,1,0,0,0,0,0,0,0
0,10,3.5,0,0,1,0,0,0,0,0,0
0,44,3.0,1,0,0,0,0,0,0,0,0
1,132,4.0,1,0,0,0,0,0,0,0,0
0,115,3.0,0,0,0,0,0,0,1,0,0
0,68,4.0,1,0,0,0,0,0,0,0,0
0,4,4.5,0,0,0,0,1,0,0,0,0
0,2,4.0,0,0,0,0,1,0,0,0,0
1,167,3.5,0,0,0,0,1,0,0,0,0
0,26,3.0,0,1,0,0,0,0,0,0,0
0,62,3.5,0,0,0,1,0,0,0,0,0
0,71,3.5,0,0,0,0,0,0,1,0,0
0,8,3.0,0,0,1,0,0,0,0,0,0
1,123,4.0,1,0,0,0,0,0,0,0,0
0,45,3.0,0,0,0,0,1,0,0,0,0
0,2,5.0,0,0,0,1,0,0,0,0,0
0,35,4.0,0,0,0,1,0,0,0,0,0
1,193,4.0,1,0,0,0,0,0,0,0,0
0,15,4.0,0,0,0,0,1,0,0,0,0
0,74,3.5,0,0,0,0,1,0,0,0,0
0,30,4.0,0,1,0,0,0,0,0,0,0
0,104,3.0,0,1,0,0,0,0,0,0,0
0,23,4.0,0,0,0,0,0,1,0,0,0
0,51,3.0,1,0,0,0,0,0,0,0,0
0,97,3.0,0,0,0,0,1,0,0,0,0
1,213,4.0,0,0,0,0,0,1,0,0,0
0,30,3.0,0,1,0,0,0,0,0,0,0
0,54,3.5,1,0,0,0,0,0,0,0,0
0,64,4.0,0,0,0,0,1,0,0,0,0
0,46,3.5,0,0,0,0,1,0,0,0,0
1,141,3.5,0,1,0,0,0,0,0,0,0
0,31,3.0,0,0,0,0,1,0,0,0,0
0,36,4.0,0,1,0,0,0,0,0,0,0
0,3,4.5,0,0,1,0,0,0,0,0,0
1,192,3.5,0,0,0,1,0,0,0,0,0
1,218,3.5,1,0,0,0,0,0,0,0,0
0,49,4.0,0,0,0,1,0,0,0,0,0
0,50,4.0,0,0,0,0,1,0,0,0,0
0,92,3.0,1,0,0,0,0,0,0,0,0
0,16,4.5,0,0,1,0,0,0,0,0,0
0,93,3.0,1,0,0,0,0,0,0,0,0
0,31,4.5,0,0,0,0,1,0,0,0,0
0,11,4.0,0,0,0,0,1,0,0,0,0
1,213,4.0,0,0,0,0,0,0,0,0,1
1,117,3.5,0,1,0,0,0,0,0,0,0
0,146,3.0,1,0,0,0,0,0,0,0,0
0,1,4.0,0,0,0,0,1,0,0,0,0
0,29,4.0,0,0,0,0,1,0,0,0,0
0,45,3.5,0,1,0,0,0,0,0,0,0
1,182,4.0,0,0,0,0,0,0,1,0,0
0,49,3.0,1,0,0,0,0,0,0,0,0
0,27,3.5,0,1,0,0,0,0,0,0,0
0,64,4.0,1,0,0,0,0,0,0,0,0
0,6,4.5,0,0,0,0,0,1,0,0,0
1,218,3.5,0,0,0,0,0,0,1,0,0
0,20,3.5,0,0,0,0,1,0,0,0,0
0,2,3.5,0,1,0,0,0,0,0,0,0
0,11,3.5,1,0,0,0,0,0,0,0,0
0,1,4.0,0,0,0,0,0,1,0,0,0
0,8,5.0,0,0,0,0,1,0,0,0,0
1,338,4.0,1,0,0,0,0,0,0,0,0
1,225,3.5,1,0,0,0,0,0,0,0,0
1,139,4.0,0,0,0,0,0,0,1,0,0
0,55,3.5,0,0,0,0,1,0,0,0,0
0,18,3.5,0,0,1,0,0,0,0,0,0
0,29,3.5,1,0,0,0,0,0,0,0,0
1,166,4.0,0,0,0,0,0,0,1,0,0
1,150,3.5,0,0,0,0,0,0,0,0,1
0,14,4.0,0,0,1,0,0,0,0,0,0
0,3,4.5,0,0,0,1,0,0,0,0,0
0,158,3.0,0,1,0,0,0,0,0,0,0
0,4,5.0,0,0,0,1,0,0,0,0,0
1,233,3.5,0,0,0,0,0,0,1,0,0
1,174,3.5,0,1,0,0,0,0,0,0,0
0,8,3.0,0,0,1,0,0,0,0,0,0
0,164,3.0,1,0,0,0,0,0,0,0,0
1,115,3.5,0,0,0,0,1,0,0,0,0
0,11,4.0,0,0,0,0,1,0,0,0,0
0,36,4.0,0,0,0,0,0,0,0,0,1
0,57,4.5,0,0,1,0,0,0,0,0,0
1,324,4.0,0,1,0,0,0,0,0,0,0
0,21,3.5,0,0,0,1,0,0,0,0,0
0,1,4.0,0,0,0,0,1,0,0,0,0
0,2,4.5,0,1,0,0,0,0,0,0,0
0,1,4.0,0,1,0,0,0,0,0,0,0
0,5,4.0,0,1,0,0,0,0,0,0,0
0,4,3.0,0,1,0,0,0,0,0,0,0
1,116,3.5,0,1,0,0,0,0,0,0,0
0,53,4.0,0,1,0,0,0,0,0,0,0
0,37,3.0,1,0,0,0,0,0,0,0,0
0,11,3.5,0,0,1,0,0,0,0,0,0
0,24,3.0,0,0,0,0,0,0,0,1,0
1,411,3.5,0,0,0,0,1,0,0,0,0
1,290,4.0,0,0,0,0,0,0,1,0,0
0,5,4.0,0,1,0,0,0,0,0,0,0
0,3,4.5,0,0,0,0,0,0,1,0,0
0,32,4.5,0,0,0,0,0,1,0,0,0
0,44,4.0,0,0,0,0,0,0,1,0,0
1,147,4.0,0,0,0,1,0,0,0,0,0
1,148,3.5,0,1,0,0,0,0,0,0,0
0,2,5.0,0,1,0,0,0,0,0,0,0
1,151,4.0,0,0,0,0,1,0,0,0,0
1,118,4.0,1,0,0,0,0,0,0,0,0
1,107,4.5,0,1,0,0,0,0,0,0,0
0,30,3.5,0,0,0,0,1,0,0,0,0
1,543,4.0,0,0,0,0,0,0,1,0,0
0,1,4.0,0,0,0,1,0,0,0,0,0
1,341,4.5,0,0,0,0,0,0,1,0,0
0,7,4.5,0,0,0,1,0,0,0,0,0
0,16,4.0,0,0,0,0,1,0,0,0,0
0,4,4.5,0,0,1,0,0,0,0,0,0
0,1,5.0,0,0,0,0,0,0,1,0,0
0,1,3.0,0,1,0,0,0,0,0,0,0
0,11,3.0,0,0,0,1,0,0,0,0,0
0,7,3.5,0,1,0,0,0,0,0,0,0
0,86,3.0,1,0,0,0,0,0,0,0,0
0,65,4.5,0,0,0,0,0,0,1,0,0
1,247,3.5,0,0,0,0,0,0,1,0,0
1,353,3.5,1,0,0,0,0,0,0,0,0
0,165,3.0,0,1,0,0,0,0,0,0,0
1,335,4.0,0,0,0,0,0,0,1,0,0
0,61,3.0,1,0,0,0,0,0,0,0,0
0,1,4.0,1,0,0,0,0,0,0,0,0
0,39,4.5,0,1,0,0,0,0,0,0,0
0,10,4.0,0,0,0,0,0,1,0,0,0
0,62,4.0,1,0,0,0,0,0,0,0,0
0,6,3.0,0,0,1,0,0,0,0,0,0
0,4,3.0,0,0,1,0,0,0,0,0,0
1,144,3.5,0,0,0,0,1,0,0,0,0
0,58,4.0,0,1,0,0,0,0,0,0,0
0,78,3.0,0,0,0,0,1,0,0,0,0
1,220,3.5,0,0,0,0,1,0,0,0,0
0,15,4.0,0,1,0,0,0,0,0,0,0
0,60,4.5,0,0,0,0,1,0,0,0,0
0,17,3.5,0,1,0,0,0,0,0,0,0
0,11,3.0,0,0,0,0,0,0,1,0,0
0,52,3.5,0,0,1,0,0,0,0,0,0
1,278,4.0,0,1,0,0,0,0,0,0,0
0,52,4.0,0,1,0,0,0,0,0,0,0
1,334,4.0,1,0,0,0,0,0,0,0,0
0,57,4.5,0,0,0,1,0,0,0,0,0
1,287,3.5,1,0,0,0,0,0,0,0,0
0,16,3.5,0,0,0,1,0,0,0,0,0
0,51,3.5,0,1,0,0,0,0,0,0,0
0,32,4.5,0,0,0,1,0,0,0,0,0
0,45,4.0,0,1,0,0,0,0,0,0,0
0,14,3.5,0,0,0,0,0,0,1,0,0
0,76,3.0,0,0,0,0,0,0,1,0,0
0,15,4.0,0,1,0,0,0,0,0,0,0
0,91,3.0,0,1,0,0,0,0,0,0,0
0,5,5.0,0,0,0,0,1,0,0,0,0
1,191,4.0,0,0,0,0,1,0,0,0,0
0,10,4.5,0,0,0,0,1,0,0,0,0
1,154,4.0,0,0,0,0,1,0,0,0,0
1,526,4.0,0,1,0,0,0,0,0,0,0
0,14,4.0,0,0,0,0,0,1,0,0,0
0,18,4.5,0,0,0,0,0,0,0,0,1
0,4,3.5,0,0,1,0,0,0,0,0,0
0,12,4.0,0,1,0,0,0,0,0,0,0
0,115,3.0,0,1,0,0,0,0,0,0,0
0,70,3.5,0,0,0,0,1,0,0,0,0
0,15,3.0,0,0,0,1,0,0,0,0,0
0,19,4.5,0,0,0,0,1,0,0,0,0
0,22,4.0,0,1,0,0,0,0,0,0,0
1,244,4.0,0,0,0,0,1,0,0,0,0
1,247,3.5,0,1,0,0,0,0,0,0,0
0,30,4.0,0,0,0,1,0,0,0,0,0
0,5,4.0,0,0,0,0,0,1,0,0,0
1,198,3.5,0,0,0,0,1,0,0,0,0
0,131,3.0,0,0,1,0,0,0,0,0,0
0,7,3.0,0,0,0,0,1,0,0,0,0
0,18,4.5,0,1,0,0,0,0,0,0,0
0,11,4.5,0,0,0,0,1,0,0,0,0
0,2,3.0,0,1,0,0,0,0,0,0,0
0,3,3.5,0,0,0,1,0,0,0,0,0
0,104,3.0,0,0,1,0,0,0,0,0,0
0,16,3.0,1,0,0,0,0,0,0,0,0
0,95,3.0,0,0,0,0,1,0,0,0,0
0,14,4.5,0,1,0,0,0,0,0,0,0
0,28,4.0,0,0,0,0,1,0,0,0,0
0,18,3.5,1,0,0,0,0,0,0,0,0
1,310,4.0,1,0,0,0,0,0,0,0,0
0,7,3.5,0,0,0,0,1,0,0,0,0
0,30,3.5,1,0,0,0,0,0,0,0,0
1,414,4.0,0,0,0,0,0,0,1,0,0
0,11,4.0,0,0,0,0,1,0,0,0,0
0,5,3.0,0,0,0,0,1,0,0,0,0
0,58,4.0,1,0,0,0,0,0,0,0,0
0,11,5.0,0,0,0,1,0,0,0,0,0
0,6,3.0,0,1,0,0,0,0,0,0,0
0,19,5.0,0,0,0,1,0,0,0,0,0
0,6,4.0,0,0,0,0,0,0,1,0,0
0,9,3.0,0,1,0,0,0,0,0,0,0
1,227,4.0,0,0,0,0,1,0,0,0,0
1,787,4.5,0,0,1,0,0,0,0,0,0
1,149,3.5,0,0,0,0,0,0,1,0,0
0,34,3.5,1,0,0,0,0,0,0,0,0
1,118,5.0,1,0,0,0,0,0,0,0,0
0,5,3.5,0,1,0,0,0,0,0,0,0
1,131,4.5,1,0,0,0,0,0,0,0,0
0,3,3.5,0,1,0,0,0,0,0,0,0
1,151,4.0,0,0,0,0,1,0,0,0,0
0,24,4.0,0,0,0,0,1,0,0,0,0
0,15,4.5,0,1,0,0,0,0,0,0,0
0,3,3.5,0,1,0,0,0,0,0,0,0
0,5,4.0,0,0,0,1,0,0,0,0,0
0,64,3.5,0,0,0,1,0,0,0,0,0
0,11,4.0,0,1,0,0,0,0,0,0,0
0,19,4.0,0,0,0,0,1,0,0,0,0
0,32,3.5,0,0,0,0,0,0,1,0,0
1,1613,4.0,1,0,0,0,0,0,0,0,0
0,45,4.0,0,0,0,1,0,0,0,0,0
0,17,3.0,0,0,0,1,0,0,0,0,0
1,787,4.5,0,0,0,0,0,0,0,1,0
0,4,5.0,0,0,0,0,0,0,0,0,1
1,247,3.5,0,0,0,0,1,0,0,0,0
0,27,3.5,0,0,0,0,1,0,0,0,0
1,130,4.0,0,0,0,1,0,0,0,0,0
0,14,3.5,0,0,0,0,0,0,1,0,0
0,9,4.0,0,1,0,0,0,0,0,0,0
0,72,4.0,0,0,1,0,0,0,0,0,0
0,1,5.0,0,0,0,0,0,0,0,1,0
1,150,4.0,0,0,0,0,1,0,0,0,0
1,531,3.5,1,0,0,0,0,0,0,0,0
0,19,3.0,0,0,0,0,0,0,1,0,0
0,17,4.0,0,0,1,0,0,0,0,0,0
1,115,3.5,0,0,0,0,0,0,1,0,0
1,174,3.5,1,0,0,0,0,0,0,0,0
0,25,4.0,0,0,0,1,0,0,0,0,0
0,38,4.5,0,0,1,0,0,0,0,0,0
0,23,3.5,0,0,1,0,0,0,0,0,0
0,53,4.5,0,0,0,0,1,0,0,0,0
1,155,3.5,0,0,0,0,1,0,0,0,0
0,5,4.0,0,1,0,0,0,0,0,0,0
0,44,3.5,1,0,0,0,0,0,0,0,0
0,31,4.0,0,0,0,0,1,0,0,0,0
0,44,4.0,0,0,1,0,0,0,0,0,0
1,134,4.0,1,0,0,0,0,0,0,0,0
0,24,4.0,0,0,0,1,0,0,0,0,0
0,50,3.0,0,0,0,0,1,0,0,0,0
0,19,3.0,0,1,0,0,0,0,0,0,0
0,75,4.0,0,0,0,0,0,0,1,0,0
0,55,3.0,0,1,0,0,0,0,0,0,0
1,257,3.5,0,1,0,0,0,0,0,0,0
0,7,4.0,0,0,0,1,0,0,0,0,0
0,10,4.0,0,0,0,1,0,0,0,0,0
0,6,3.5,0,0,0,1,0,0,0,0,0
0,3,3.5,1,0,0,0,0,0,0,0,0
0,13,3.5,0,0,0,0,0,1,0,0,0
0,33,4.5,0,0,0,0,0,0,0,0,1
0,62,4.0,0,0,0,1,0,0,0,0,0
0,21,3.5,0,1,0,0,0,0,0,0,0
0,7,3.5,0,1,0,0,0,0,0,0,0
0,14,3.5,1,0,0,0,0,0,0,0,0
0,59,3.0,1,0,0,0,0,0,0,0,0
0,60,4.0,1,0,0,0,0,0,0,0,0
0,100,3.0,0,0,1,0,0,0,0,0,0
1,150,3.5,0,0,0,0,0,1,0,0,0
0,1,5.0,0,0,0,0,0,0,1,0,0
0,17,3.5,0,1,0,0,0,0,0,0,0
0,2,3.5,0,1,0,0,0,0,0,0,0
0,41,4.0,0,0,1,0,0,0,0,0,0
1,186,4.0,1,0,0,0,0,0,0,0,0
0,46,4.0,0,0,0,0,1,0,0,0,0
0,9,3.5,1,0,0,0,0,0,0,0,0
0,1,4.0,0,0,0,0,0,0,1,0,0
0,1,4.0,0,0,0,0,0,1,0,0,0
0,14,4.5,0,0,0,0,0,1,0,0,0
0,75,4.5,1,0,0,0,0,0,0,0,0
0,7,4.5,0,0,0,0,0,0,1,0,0
0,36,3.5,0,0,0,0,0,1,0,0,0
0,25,4.0,0,0,0,0,0,0,1,0,0
1,234,4.0,0,0,0,0,0,0,1,0,0
1,429,3.5,0,0,0,0,1,0,0,0,0
0,1,5.0,0,0,0,0,1,0,0,0,0
0,1,4.0,0,0,0,0,1,0,0,0,0
0,2,4.0,0,0,0,1,0,0,0,0,0
0,2,4.0,0,1,0,0,0,0,0,0,0
0,57,3.5,1,0,0,0,0,0,0,0,0
0,2,4.0,0,1,0,0,0,0,0,0,0
1,319,4.0,0,0,0,0,1,0,0,0,0
0,26,4.0,0,0,0,1,0,0,0,0,0
0,254,3.0,0,0,0,0,1,0,0,0,0
1,155,3.5,0,1,0,0,0,0,0,0,0
0,73,3.5,0,1,0,0,0,0,0,0,0
0,23,3.5,0,0,0,0,1,0,0,0,0
1,189,3.5,0,0,0,0,1,0,0,0,0
1,140,3.5,0,0,0,0,0,1,0,0,0
0,1,3.0,1,0,0,0,0,0,0,0,0
0,62,4.0,0,0,0,0,0,0,1,0,0
0,28,3.0,0,1,0,0,0,0,0,0,0
0,16,4.0,0,1,0,0,0,0,0,0,0
0,64,3.5,0,0,0,0,1,0,0,0,0
1,108,3.5,0,1,0,0,0,0,0,0,0
0,45,3.5,0,1,0,0,0,0,0,0,0
0,44,4.0,0,0,0,0,0,0,1,0,0
1,331,4.5,0,0,0,0,1,0,0,0,0
1,147,3.5,0,0,0,1,0,0,0,0,0
0,7,4.5,0,0,0,0,0,0,1,0,0
0,69,4.0,0,1,0,0,0,0,0,0,0
0,22,3.0,0,1,0,0,0,0,0,0,0
0,46,3.0,0,1,0,0,0,0,0,0,0
0,17,3.5,0,1,0,0,0,0,0,0,0
0,34,3.0,0,0,0,0,0,0,1,0,0
0,14,4.0,1,0,0,0,0,0,0,0,0
1,221,4.5,0,1,0,0,0,0,0,0,0
1,111,4.0,0,0,1,0,0,0,0,0,0
0,2,2.5,0,0,0,0,0,0,1,0,0
0,16,3.5,0,0,0,0,1,0,0,0,0
0,38,3.5,0,0,0,1,0,0,0,0,0
0,52,3.5,0,0,0,0,0,0,0,0,1
0,9,3.0,0,1,0,0,0,0,0,0,0
0,51,3.0,0,0,1,0,0,0,0,0,0
1,444,3.5,0,0,0,0,1,0,0,0,0
0,309,3.0,1,0,0,0,0,0,0,0,0
0,20,3.0,1,0,0,0,0,0,0,0,0
0,79,3.0,0,0,0,0,1,0,0,0,0
0,87,3.0,0,0,1,0,0,0,0,0,0
0,54,3.0,0,0,0,0,1,0,0,0,0
0,170,3.0,0,1,0,0,0,0,0,0,0
0,60,3.5,0,0,0,1,0,0,0,0,0
0,46,4.0,0,0,1,0,0,0,0,0,0
0,72,4.0,1,0,0,0,0,0,0,0,0
1,160,4.0,0,0,0,0,0,0,1,0,0
0,132,3.0,1,0,0,0,0,0,0,0,0
0,184,3.0,0,0,0,0,1,0,0,0,0
0,1,4.0,0,0,0,0,1,0,0,0,0
0,9,5.0,0,0,0,0,0,1,0,0,0
0,3,3.5,0,0,1,0,0,0,0,0,0
0,129,3.0,0,0,0,0,0,0,1,0,0
1,394,4.0,0,0,0,1,0,0,0,0,0
0,32,3.0,0,0,0,0,1,0,0,0,0
0,54,4.0,0,0,1,0,0,0,0,0,0
0,19,4.5,0,0,0,1,0,0,0,0,0
1,229,3.5,0,0,0,0,0,0,1,0,0
1,275,4.0,0,0,0,0,0,0,0,0,1
1,112,4.0,0,0,0,0,0,0,1,0,0
0,1,5.0,0,0,0,1,0,0,0,0,0
1,520,3.5,0,1,0,0,0,0,0,0,0
1,288,4.5,1,0,0,0,0,0,0,0,0
0,69,3.5,0,1,0,0,0,0,0,0,0
0,18,3.0,0,0,0,0,1,0,0,0,0
0,58,3.5,0,1,0,0,0,0,0,0,0
0,5,3.0,0,0,1,0,0,0,0,0,0
0,60,3.5,1,0,0,0,0,0,0,0,0
0,20,3.0,0,1,0,0,0,0,0,0,0
0,43,3.5,0,0,0,0,0,0,1,0,0
1,471,4.0,0,1,0,0,0,0,0,0,0
0,11,4.0,0,0,0,1,0,0,0,0,0
0,65,3.5,0,0,0,1,0,0,0,0,0
0,16,4.0,0,0,0,1,0,0,0,0,0
1,257,3.5,0,0,0,0,0,0,1,0,0
0,13,3.5,0,0,0,0,0,0,0,0,1
0,7,4.5,0,0,0,0,0,0,1,0,0
0,2,4.0,0,0,1,0,0,0,0,0,0
0,73,3.5,0,0,0,0,1,0,0,0,0
1,229,3.5,0,0,0,0,1,0,0,0,0
0,2,5.0,0,0,0,1,0,0,0,0,0
0,59,3.5,0,0,0,0,1,0,0,0,0
0,10,3.5,0,0,0,0,0,0,1,0,0
1,132,4.0,0,1,0,0,0,0,0,0,0
1,108,3.5,0,1,0,0,0,0,0,0,0
1,420,4.0,0,0,0,0,0,0,1,0,0
1,290,4.0,0,0,0,0,0,1,0,0,0
0,36,3.5,0,0,0,0,0,0,1,0,0
1,106,3.5,1,0,0,0,0,0,0,0,0
0,9,3.5,0,0,0,0,0,0,1,0,0
0,94,3.0,1,0,0,0,0,0,0,0,0
0,34,4.0,0,0,0,1,0,0,0,0,0
1,106,3.5,0,1,0,0,0,0,0,0,0
0,263,3.0,0,0,0,0,1,0,0,0,0
0,23,3.0,0,0,0,1,0,0,0,0,0
0,11,3.0,1,0,0,0,0,0,0,0,0
0,35,4.0,0,0,0,0,0,0,1,0,0
0,25,3.0,0,0,0,0,0,0,0,1,0
1,473,4.0,0,0,0,0,1,0,0,0,0
0,5,4.5,0,0,0,0,0,0,1,0,0
0,55,4.0,0,0,0,0,1,0,0,0,0
0,7,3.0,0,0,0,0,1,0,0,0,0
1,102,4.0,0,0,0,0,1,0,0,0,0
0,5,3.0,0,0,0,0,1,0,0,0,0
0,17,4.5,0,0,0,0,1,0,0,0,0
1,158,3.5,1,0,0,0,0,0,0,0,0
0,49,4.0,0,0,0,0,1,0,0,0,0
0,48,3.0,0,0,0,0,1,0,0,0,0
0,6,5.0,0,0,0,1,0,0,0,0,0
1,191,3.5,0,0,0,0,1,0,0,0,0
0,20,3.0,0,0,1,0,0,0,0,0,0
0,59,3.5,1,0,0,0,0,0,0,0,0
0,9,4.0,0,0,1,0,0,0,0,0,0
0,19,4.0,0,1,0,0,0,0,0,0,0
0,61,4.5,0,0,1,0,0,0,0,0,0
0,38,4.0,0,1,0,0,0,0,0,0,0
0,68,4.5,0,1,0,0,0,0,0,0,0
1,169,3.5,0,0,0,0,1,0,0,0,0
0,21,3.0,0,1,0,0,0,0,0,0,0
1,150,3.5,1,0,0,0,0,0,0,0,0
0,1,5.0,0,0,0,0,0,1,0,0,0
1,355,3.5,1,0,0,0,0,0,0,0,0
0,18,3.0,0,1,0,0,0,0,0,0,0
0,45,3.0,0,1,0,0,0,0,0,0,0
0,3,4.0,0,1,0,0,0,0,0,0,0
0,40,3.5,0,1,0,0,0,0,0,0,0
1,186,4.0,0,0,0,0,0,0,0,1,0
0,15,4.5,0,0,0,0,1,0,0,0,0
0,14,4.5,0,1,0,0,0,0,0,0,0
1,186,4.0,0,0,1,0,0,0,0,0,0
0,9,3.0,1,0,0,0,0,0,0,0,0
0,23,3.5,0,0,0,0,1,0,0,0,0
0,8,3.5,0,0,0,0,0,1,0,0,0
0,4,4.0,0,0,0,1,0,0,0,0,0
0,3,3.5,0,0,0,0,1,0,0,0,0
1,558,3.5,0,0,0,0,1,0,0,0,0
0,13,3.5,0,0,0,0,1,0,0,0,0
0,12,3.5,0,1,0,0,0,0,0,0,0
0,26,3.5,0,1,0,0,0,0,0,0,0
0,7,4.0,0,1,0,0,0,0,0,0,0
0,16,3.5,0,1,0,0,0,0,0,0,0
0,86,3.0,0,1,0,0,0,0,0,0,0
0,28,4.0,0,1,0,0,0,0,0,0,0
0,36,3.5,0,1,0,0,0,0,0,0,0
0,51,3.0,0,0,0,0,0,0,1,0,0
1,306,4.0,0,1,0,0,0,0,0,0,0
0,10,3.5,0,0,1,0,0,0,0,0,0
0,61,3.5,0,0,0,0,1,0,0,0,0
0,15,4.0,0,1,0,0,0,0,0,0,0
0,30,3.5,0,0,0,0,1,0,0,0,0
0,44,4.0,0,0,0,0,1,0,0,0,0
0,132,3.0,0,0,0,0,1,0,0,0,0
0,29,4.5,1,0,0,0,0,0,0,0,0
0,20,4.5,0,0,0,0,0,0,1,0,0
0,132,3.0,0,0,0,0,0,0,1,0,0
0,12,4.5,0,0,0,0,0,0,1,0,0
0,8,4.5,0,1,0,0,0,0,0,0,0
0,8,3.5,0,0,0,1,0,0,0,0,0
0,276,3.0,0,0,0,0,1,0,0,0,0
0,120,3.0,0,1,0,0,0,0,0,0,0
0,8,4.0,0,0,0,1,0,0,0,0,0
0,60,3.5,0,0,0,1,0,0,0,0,0
1,119,3.5,0,1,0,0,0,0,0,0,0
0,4,3.5,0,1,0,0,0,0,0,0,0
0,4,4.0,1,0,0,0,0,0,0,0,0
0,3,3.5,0,1,0,0,0,0,0,0,0
1,429,3.5,1,0,0,0,0,0,0,0,0
1,213,4.0,0,0,0,0,1,0,0,0,0
0,56,3.5,0,0,0,0,1,0,0,0,0
0,55,3.0,0,0,1,0,0,0,0,0,0
0,53,3.5,0,0,0,0,0,0,1,0,0
1,266,4.0,1,0,0,0,0,0,0,0,0
0,14,3.0,0,1,0,0,0,0,0,0,0
1,179,3.5,0,1,0,0,0,0,0,0,0
1,183,3.5,0,0,0,0,0,0,1,0,0
0,31,4.0,1,0,0,0,0,0,0,0,0
0,135,3.0,0,0,0,0,1,0,0,0,0
0,16,4.0,0,0,0,0,0,0,1,0,0
1,170,4.0,0,0,0,0,1,0,0,0,0
0,44,4.5,1,0,0,0,0,0,0,0,0
0,26,3.0,0,0,0,0,0,0,1,0,0
0,40,4.0,0,0,0,0,0,0,1,0,0
0,41,3.0,0,0,0,0,0,0,0,1,0
0,2,3.5,1,0,0,0,0,0,0,0,0
0,38,3.5,0,0,0,0,0,0,1,0,0
1,146,3.5,0,1,0,0,0,0,0,0,0
0,47,3.5,0,0,0,0,0,0,1,0,0
0,2,4.5,0,0,0,0,0,0,1,0,0
1,237,3.5,1,0,0,0,0,0,0,0,0
0,34,3.5,0,0,0,0,1,0,0,0,0
0,75,3.5,0,0,0,0,0,1,0,0,0
0,3,4.5,0,0,0,0,0,0,1,0,0
1,113,3.5,0,0,0,1,0,0,0,0,0
0,69,3.5,0,1,0,0,0,0,0,0,0
0,61,4.0,0,0,0,0,1,0,0,0,0
0,92,3.0,0,0,0,0,1,0,0,0,0
1,444,3.5,1,0,0,0,0,0,0,0,0
1,156,4.0,0,0,0,0,1,0,0,0,0
0,71,3.0,1,0,0,0,0,0,0,0,0
1,166,3.5,0,0,0,0,1,0,0,0,0
0,35,3.0,0,0,0,0,0,0,1,0,0
0,26,3.5,0,1,0,0,0,0,0,0,0
0,35,3.0,0,0,0,0,0,0,1,0,0
1,219,3.5,0,1,0,0,0,0,0,0,0
1,252,4.0,0,0,1,0,0,0,0,0,0
1,412,3.5,0,1,0,0,0,0,0,0,0
0,7,3.5,1,0,0,0,0,0,0,0,0
0,13,4.0,0,0,0,1,0,0,0,0,0
0,46,3.5,1,0,0,0,0,0,0,0,0
0,7,4.0,0,0,0,0,0,0,1,0,0
0,6,5.0,0,1,0,0,0,0,0,0,0
1,543,4.0,1,0,0,0,0,0,0,0,0
0,6,4.5,0,0,0,0,0,1,0,0,0
0,31,4.0,0,0,0,0,0,0,0,0,1
0,9,3.0,0,0,0,0,1,0,0,0,0
0,102,3.0,0,0,0,0,1,0,0,0,0
1,185,4.5,0,0,0,0,0,0,1,0,0
0,2,4.5,0,0,0,1,0,0,0,0,0
0,1,5.0,0,0,0,0,0,0,1,0,0
0,73,3.5,0,0,0,0,0,0,1,0,0
0,68,4.0,0,0,0,0,0,0,0,0,1
1,159,4.0,1,0,0,0,0,0,0,0,0
0,5,4.0,0,1,0,0,0,0,0,0,0
0,47,3.5,0,0,0,0,1,0,0,0,0
0,37,3.5,0,0,0,0,1,0,0,0,0
0,1,3.0,0,0,0,0,0,1,0,0,0
1,101,4.0,0,1,0,0,0,0,0,0,0
1,427,4.0,0,0,0,0,1,0,0,0,0
1,497,4.0,0,0,0,1,0,0,0,0,0
0,7,3.5,1,0,0,0,0,0,0,0,0
0,37,4.5,0,0,0,0,0,0,1,0,0
0,6,3.0,0,0,0,0,1,0,0,0,0
0,32,3.5,0,0,0,0,0,0,0,0,1
0,9,3.5,0,0,1,0,0,0,0,0,0
0,1,5.0,1,0,0,0,0,0,0,0,0
0,22,3.0,0,0,1,0,0,0,0,0,0
0,1,4.0,0,0,0,0,0,0,1,0,0
0,11,3.5,0,1,0,0,0,0,0,0,0
0,63,3.0,1,0,0,0,0,0,0,0,0
0,1,4.0,0,0,0,0,0,1,0,0,0
0,14,3.5,1,0,0,0,0,0,0,0,0
0,13,4.5,0,0,0,0,0,1,0,0,0
1,788,4.0,0,0,0,0,0,0,1,0,0
0,2,4.0,0,0,1,0,0,0,0,0,0
0,60,3.5,0,0,0,1,0,0,0,0,0
0,10,3.5,0,1,0,0,0,0,0,0,0
0,40,3.5,0,1,0,0,0,0,0,0,0
1,146,3.5,0,0,0,0,1,0,0,0,0
1,403,4.0,0,0,0,0,0,0,1,0,0
1,191,4.0,0,0,0,0,0,0,0,0,1
0,36,3.5,0,0,0,0,0,0,1,0,0
1,171,4.0,0,0,0,0,1,0,0,0,0
1,107,4.0,1,0,0,0,0,0,0,0,0
0,54,4.0,0,0,0,0,0,0,0,1,0
0,31,3.0,0,0,1,0,0,0,0,0,0
0,21,3.5,0,0,0,0,1,0,0,0,0
0,6,4.5,0,0,0,0,0,0,1,0,0
0,13,3.0,0,0,0,0,1,0,0,0,0
0,54,3.5,0,1,0,0,0,0,0,0,0
1,185,4.0,0,0,0,0,0,0,0,1,0
0,94,3.0,0,0,1,0,0,0,0,0,0
0,12,3.0,0,0,0,0,1,0,0,0,0
0,24,4.0,0,1,0,0,0,0,0,0,0
0,33,3.5,0,0,0,0,1,0,0,0,0
0,9,4.0,0,1,0,0,0,0,0,0,0
1,516,4.0,1,0,0,0,0,0,0,0,0
0,61,4.5,0,0,0,0,0,0,0,0,1
0,63,4.0,0,1,0,0,0,0,0,0,0
0,15,3.5,0,1,0,0,0,0,0,0,0
0,27,4.0,0,1,0,0,0,0,0,0,0
0,46,3.0,1,0,0,0,0,0,0,0,0
0,65,3.5,0,1,0,0,0,0,0,0,0
0,4,3.0,0,1,0,0,0,0,0,0,0
0,46,4.0,0,1,0,0,0,0,0,0,0
1,137,3.5,0,0,0,0,0,0,1,0,0
0,121,3.0,0,0,0,0,0,0,1,0,0
1,133,3.5,0,0,0,0,1,0,0,0,0
1,113,3.5,1,0,0,0,0,0,0,0,0
0,46,3.0,0,0,0,0,0,0,1,0,0
0,4,4.0,0,1,0,0,0,0,0,0,0
0,2,4.0,0,0,0,0,0,0,1,0,0
1,187,4.0,1,0,0,0,0,0,0,0,0
1,643,4.0,0,0,0,0,1,0,0,0,0
0,5,4.0,0,0,0,0,0,0,1,0,0
1,120,3.5,1,0,0,0,0,0,0,0,0
1,183,3.5,0,0,0,0,1,0,0,0,0
1,99,4.0,0,0,0,0,1,0,0,0,0
0,3,4.5,0,1,0,0,0,0,0,0,0
0,70,3.0,0,0,0,0,1,0,0,0,0
0,2,4.0,0,0,0,1,0,0,0,0,0
0,50,3.0,0,0,0,1,0,0,0,0,0
0,1,3.0,0,0,0,1,0,0,0,0,0
1,172,4.0,0,0,0,0,0,0,1,0,0
0,111,3.0,0,0,0,0,0,0,1,0,0
1,480,4.0,0,0,0,0,0,0,1,0,0
1,201,4.0,0,1,0,0,0,0,0,0,0
0,1,4.0,0,1,0,0,0,0,0,0,0
0,4,4.0,0,1,0,0,0,0,0,0,0
0,9,4.5,0,0,0,0,1,0,0,0,0
0,2,3.0,0,0,0,0,1,0,0,0,0
0,30,3.0,0,1,0,0,0,0,0,0,0
1,134,4.0,0,0,0,0,1,0,0,0,0
1,221,4.0,0,0,0,0,0,1,0,0,0
1,263,4.0,1,0,0,0,0,0,0,0,0
1,135,4.0,0,0,0,0,0,0,0,0,1
0,14,4.0,0,0,0,0,1,0,0,0,0
0,6,3.0,1,0,0,0,0,0,0,0,0
1,135,4.0,0,0,0,0,0,1,0,0,0
0,38,3.0,0,1,0,0,0,0,0,0,0
0,5,3.0,1,0,0,0,0,0,0,0,0
0,11,4.0,0,0,1,0,0,0,0,0,0
0,43,4.0,0,0,0,0,0,0,1,0,0
0,115,3.0,1,0,0,0,0,0,0,0,0
0,36,3.0,0,1,0,0,0,0,0,0,0
0,1,3.0,0,1,0,0,0,0,0,0,0
0,7,5.0,0,0,0,1,0,0,0,0,0
0,9,3.0,0,0,0,1,0,0,0,0,0
1,158,3.5,1,0,0,0,0,0,0,0,0
1,260,4.0,1,0,0,0,0,0,0,0,0
0,25,3.5,0,1,0,0,0,0,0,0,0
0,67,4.0,0,0,0,0,1,0,0,0,0
1,1305,4.5,0,0,0,0,0,0,1,0,0
0,21,4.5,0,0,0,0,1,0,0,0,0
0,36,4.0,1,0,0,0,0,0,0,0,0
0,41,4.0,0,1,0,0,0,0,0,0,0
0,165,3.0,1,0,0,0,0,0,0,0,0
0,42,4.0,0,0,0,0,0,0,1,0,0
0,2,3.5,0,1,0,0,0,0,0,0,0
0,21,3.0,1,0,0,0,0,0,0,0,0
1,119,4.0,0,0,0,0,1,0,0,0,0
1,98,4.5,0,0,0,1,0,0,0,0,0
0,6,3.0,1,0,0,0,0,0,0,0,0
1,160,3.5,0,1,0,0,0,0,0,0,0
0,69,4.5,1,0,0,0,0,0,0,0,0
0,8,3.0,0,1,0,0,0,0,0,0,0
0,19,4.0,0,0,0,1,0,0,0,0,0
0,5,3.5,0,1,0,0,0,0,0,0,0
0,7,4.5,0,0,1,0,0,0,0,0,0
0,26,3.0,0,0,0,0,1,0,0,0,0
0,74,3.0,0,1,0,0,0,0,0,0,0
0,9,3.0,0,1,0,0,0,0,0,0,0
0,11,3.5,0,0,0,1,0,0,0,0,0
0,17,3.0,0,0,1,0,0,0,0,0,0
0,18,4.5,0,0,1,0,0,0,0,0,0
0,55,4.0,0,1,0,0,0,0,0,0,0
0,271,3.0,0,1,0,0,0,0,0,0,0
1,193,4.0,0,0,0,1,0,0,0,0,0
0,12,3.5,0,1,0,0,0,0,0,0,0
0,12,4.0,0,0,0,0,1,0,0,0,0
1,321,3.5,0,0,0,0,0,0,1,0,0
0,26,3.5,0,0,0,1,0,0,0,0,0
0,53,3.5,0,0,0,1,0,0,0,0,0
1,172,4.0,0,0,0,0,1,0,0,0,0
0,20,3.5,0,1,0,0,0,0,0,0,0
1,140,4.0,0,0,0,1,0,0,0,0,0
0,3,3.5,0,1,0,0,0,0,0,0,0
0,5,3.0,0,0,0,1,0,0,0,0,0
0,53,3.0,0,1,0,0,0,0,0,0,0
0,36,4.0,0,0,0,0,0,0,0,0,1
1,119,4.0,0,0,0,0,0,0,1,0,0
1,162,3.5,0,1,0,0,0,0,0,0,0
0,40,3.0,0,0,0,0,1,0,0,0,0
0,4,3.0,0,1,0,0,0,0,0,0,0
1,343,3.5,0,0,0,0,1,0,0,0,0
0,17,3.5,0,0,0,0,1,0,0,0,0
0,65,4.0,0,0,0,0,0,0,0,0,1
0,75,4.5,0,0,0,0,1,0,0,0,0
0,1,3.0,0,0,0,0,1,0,0,0,0
0,63,3.5,1,0,0,0,0,0,0,0,0
0,5,3.5,0,0,0,0,0,0,0,1,0
0,26,4.5,0,0,0,1,0,0,0,0,0
0,67,4.0,1,0,0,0,0,0,0,0,0
1,463,3.5,0,0,0,0,0,0,1,0,0
1,163,3.5,0,0,1,0,0,0,0,0,0
0,40,4.0,0,1,0,0,0,0,0,0,0
1,170,4.0,0,0,0,0,0,0,1,0,0
0,4,3.0,1,0,0,0,0,0,0,0,0
0,4,3.5,0,0,0,1,0,0,0,0,0
1,109,3.5,0,0,0,0,0,0,1,0,0
0,38,4.0,0,0,1,0,0,0,0,0,0
0,71,3.0,0,0,0,0,0,0,1,0,0
0,36,4.0,0,0,0,0,0,1,0,0,0
0,34,3.5,0,0,0,0,0,1,0,0,0
1,148,3.5,0,1,0,0,0,0,0,0,0
1,274,4.0,0,1,0,0,0,0,0,0,0
0,15,4.0,0,0,0,0,1,0,0,0,0
0,3,3.0,0,0,0,1,0,0,0,0,0
0,1,3.0,0,0,0,1,0,0,0,0,0
0,8,3.5,0,0,0,0,0,0,1,0,0
0,36,3.0,1,0,0,0,0,0,0,0,0
0,95,3.0,0,0,0,0,0,0,1,0,0
0,60,3.5,0,0,0,0,0,0,1,0,0
1,195,3.5,0,0,0,0,1,0,0,0,0
0,13,3.0,0,0,0,0,1,0,0,0,0
0,50,4.0,0,0,1,0,0,0,0,0,0
0,18,4.5,0,0,0,0,1,0,0,0,0
0,32,4.5,0,0,0,0,0,0,0,0,1
0,3,3.5,0,0,0,1,0,0,0,0,0
0,168,3.0,0,0,0,0,0,0,1,0,0
1,115,3.5,1,0,0,0,0,0,0,0,0
0,34,3.5,0,1,0,0,0,0,0,0,0
0,80,3.0,0,0,1,0,0,0,0,0,0
0,62,4.0,1,0,0,0,0,0,0,0,0
0,3,4.5,0,0,0,0,1,0,0,0,0
1,290,4.0,0,0,0,0,0,0,0,0,1
1,480,4.0,1,0,0,0,0,0,0,0,0
1,136,4.0,0,0,0,0,1,0,0,0,0
0,21,3.0,1,0,0,0,0,0,0,0,0
0,49,3.5,0,1,0,0,0,0,0,0,0
0,54,3.0,1,0,0,0,0,0,0,0,0
0,3,4.0,0,0,0,0,1,0,0,0,0
0,27,4.0,0,0,0,1,0,0,0,0,0
0,3,3.0,0,0,0,1,0,0,0,0,0
0,9,3.5,1,0,0,0,0,0,0,0,0
1,417,4.0,0,0,0,0,1,0,0,0,0
0,8,4.0,0,1,0,0,0,0,0,0,0
1,128,4.5,0,0,0,1,0,0,0,0,0
0,36,3.5,0,0,0,0,1,0,0,0,0
0,53,4.0,0,0,0,0,0,0,0,1,0
0,249,3.0,0,0,0,0,1,0,0,0,0
0,6,3.0,0,0,1,0,0,0,0,0,0
0,51,3.5,0,0,1,0,0,0,0,0,0
0,18,4.5,0,0,0,0,0,0,1,0,0
1,101,3.5,0,0,0,0,0,0,1,0,0
0,42,3.5,0,0,0,0,0,0,1,0,0
1,130,3.5,0,0,0,0,1,0,0,0,0
0,83,3.0,0,1,0,0,0,0,0,0,0
0,63,3.0,0,1,0,0,0,0,0,0,0
0,1,3.0,0,1,0,0,0,0,0,0,0
0,33,4.0,0,0,0,0,0,0,1,0,0
1,234,4.0,1,0,0,0,0,0,0,0,0
0,2,5.0,0,0,0,0,0,0,1,0,0
0,5,3.5,0,1,0,0,0,0,0,0,0
0,56,3.0,0,1,0,0,0,0,0,0,0
0,1,5.0,0,0,0,1,0,0,0,0,0
0,66,4.0,0,0,0,0,1,0,0,0,0
1,174,4.0,0,0,0,0,1,0,0,0,0
1,319,4.0,1,0,0,0,0,0,0,0,0
0,12,3.5,0,1,0,0,0,0,0,0,0
0,71,3.5,1,0,0,0,0,0,0,0,0
1,172,4.0,1,0,0,0,0,0,0,0,0
1,165,4.0,0,0,1,0,0,0,0,0,0
0,2,2.5,0,0,0,0,0,0,1,0,0
1,173,4.5,0,0,0,0,1,0,0,0,0
0,4,4.5,0,0,0,0,0,0,0,1,0
0,168,3.0,0,0,0,0,1,0,0,0,0
0,3,3.5,0,0,0,0,1,0,0,0,0
0,61,3.0,1,0,0,0,0,0,0,0,0
0,17,3.5,0,1,0,0,0,0,0,0,0
0,15,4.0,0,0,1,0,0,0,0,0,0
0,50,3.5,0,0,0,0,0,0,0,1,0
0,5,4.0,0,0,0,0,1,0,0,0,0
0,43,3.0,0,0,0,0,1,0,0,0,0
1,100,4.0,0,0,0,0,1,0,0,0,0
0,76,3.0,0,1,0,0,0,0,0,0,0
0,115,3.0,0,0,0,0,1,0,0,0,0
1,286,3.5,0,0,0,0,1,0,0,0,0
0,12,4.0,1,0,0,0,0,0,0,0,0
1,214,3.5,0,1,0,0,0,0,0,0,0
0,5,4.5,0,1,0,0,0,0,0,0,0
0,32,4.0,0,0,1,0,0,0,0,0,0
0,8,3.0,0,0,0,0,0,0,1,0,0
0,16,3.0,1,0,0,0,0,0,0,0,0
0,5,3.0,0,0,0,0,1,0,0,0,0
0,31,3.5,0,1,0,0,0,0,0,0,0
1,200,3.5,0,0,0,0,1,0,0,0,0
0,55,3.5,1,0,0,0,0,0,0,0,0
0,6,4.0,0,0,0,1,0,0,0,0,0
0,9,4.0,0,0,0,0,1,0,0,0,0
0,3,4.5,0,0,0,0,1,0,0,0,0
1,319,4.0,0,0,0,0,0,0,0,0,1
1,146,3.5,1,0,0,0,0,0,0,0,0
0,20,3.0,0,1,0,0,0,0,0,0,0
0,1,4.0,0,0,0,1,0,0,0,0,0
1,99,4.0,0,1,0,0,0,0,0,0,0
0,1,4.0,0,0,0,0,0,0,1,0,0
1,175,4.0,1,0,0,0,0,0,0,0,0
1,221,3.5,0,0,0,0,1,0,0,0,0
0,6,3.0,1,0,0,0,0,0,0,0,0
1,117,4.0,0,0,0,0,1,0,0,0,0
0,37,4.5,0,0,0,0,1,0,0,0,0
0,2,3.5,0,0,0,0,0,0,1,0,0
1,119,4.0,0,0,0,0,0,0,0,0,1
0,15,4.0,0,0,0,0,1,0,0,0,0
0,2,4.5,0,1,0,0,0,0,0,0,0
0,15,3.5,0,0,0,0,0,0,1,0,0
0,1,4.0,0,0,0,1,0,0,0,0,0
0,4,3.0,0,1,0,0,0,0,0,0,0
1,118,3.5,0,0,0,0,0,0,1,0,0
0,56,3.5,0,0,0,0,0,1,0,0,0
0,14,3.5,0,0,0,1,0,0,0,0,0
0,50,4.5,0,0,0,0,1,0,0,0,0
0,6,4.5,0,0,0,0,1,0,0,0,0
0,1,5.0,0,0,0,0,1,0,0,0,0
0,1,5.0,0,0,0,0,1,0,0,0,0
0,26,3.5,0,0,0,1,0,0,0,0,0
1,663,4.0,1,0,0,0,0,0,0,0,0
0,1,3.0,0,1,0,0,0,0,0,0,0
0,46,3.5,0,1,0,0,0,0,0,0,0
1,383,3.5,0,0,0,1,0,0,0,0,0
0,1,5.0,0,0,0,0,0,1,0,0,0
0,71,3.0,0,1,0,0,0,0,0,0,0
0,31,3.5,0,0,0,1,0,0,0,0,0
0,4,3.0,0,1,0,0,0,0,0,0,0
0,19,3.5,0,1,0,0,0,0,0,0,0
1,145,4.0,1,0,0,0,0,0,0,0,0
0,13,4.0,0,1,0,0,0,0,0,0,0
0,41,3.5,0,0,0,1,0,0,0,0,0
0,123,3.0,1,0,0,0,0,0,0,0,0
0,6,4.0,0,0,0,0,1,0,0,0,0
0,63,3.5,0,0,0,0,0,0,1,0,0
0,20,4.5,0,0,0,0,0,1,0,0,0
0,40,4.5,1,0,0,0,0,0,0,0,0
0,21,4.5,1,0,0,0,0,0,0,0,0
1,158,4.0,0,1,0,0,0,0,0,0,0
1,111,3.5,0,1,0,0,0,0,0,0,0
0,26,3.5,0,1,0,0,0,0,0,0,0
0,21,3.0,0,1,0,0,0,0,0,0,0
1,207,3.5,0,0,0,0,1,0,0,0,0
1,356,3.5,0,0,0,0,1,0,0,0,0
0,10,3.5,0,0,0,0,1,0,0,0,0
0,8,3.5,0,0,0,0,0,1,0,0,0
1,271,3.5,0,0,0,0,0,0,1,0,0
0,8,3.5,0,0,0,1,0,0,0,0,0
0,2,4.0,0,1,0,0,0,0,0,0,0
0,1,5.0,1,0,0,0,0,0,0,0,0
0,16,4.5,0,0,0,1,0,0,0,0,0
0,18,4.5,0,0,0,1,0,0,0,0,0
0,32,3.5,0,0,0,0,0,0,1,0,0
1,140,3.5,1,0,0,0,0,0,0,0,0
0,245,3.0,0,1,0,0,0,0,0,0,0
0,11,4.0,0,0,0,1,0,0,0,0,0
1,288,3.5,0,0,0,0,0,1,0,0,0
0,4,3.0,0,1,0,0,0,0,0,0,0
0,67,3.0,0,0,0,1,0,0,0,0,0
1,196,3.5,0,1,0,0,0,0,0,0,0
0,34,3.5,0,0,0,0,0,0,0,0,1
0,33,4.5,0,0,0,0,0,0,0,0,1
0,1,5.0,0,0,0,0,1,0,0,0,0
1,202,4.0,0,0,0,0,1,0,0,0,0
1,138,3.5,0,0,0,0,0,0,1,0,0
0,27,3.0,1,0,0,0,0,0,0,0,0
1,380,4.0,1,0,0,0,0,0,0,0,0
1,288,4.5,0,0,0,0,1,0,0,0,0
0,7,3.5,0,0,1,0,0,0,0,0,0
1,225,4.5,0,0,0,0,0,0,1,0,0
0,22,3.0,0,0,1,0,0,0,0,0,0
1,140,3.5,0,0,0,0,0,0,0,0,1
1,261,3.5,0,1,0,0,0,0,0,0,0
0,5,5.0,1,0,0,0,0,0,0,0,0
0,129,3.0,1,0,0,0,0,0,0,0,0
0,8,3.5,0,0,1,0,0,0,0,0,0
0,10,3.0,0,0,0,0,0,1,0,0,0
0,10,3.0,1,0,0,0,0,0,0,0,0
0,30,3.5,0,0,0,0,1,0,0,0,0
0,6,3.0,0,0,0,0,0,1,0,0,0
1,113,3.5,0,0,0,0,1,0,0,0,0
0,16,4.0,0,0,1,0,0,0,0,0,0
0,37,4.0,1,0,0,0,0,0,0,0,0
1,101,3.5,1,0,0,0,0,0,0,0,0
0,4,3.0,0,0,0,1,0,0,0,0,0
0,19,4.5,0,0,0,0,0,0,0,1,0
0,12,3.5,0,0,0,0,1,0,0,0,0
0,29,4.5,0,0,0,1,0,0,0,0,0
0,12,3.5,0,0,0,0,1,0,0,0,0
0,41,3.0,0,0,0,0,1,0,0,0,0
0,7,4.5,0,1,0,0,0,0,0,0,0
0,73,3.0,0,1,0,0,0,0,0,0,0
0,20,3.0,0,1,0,0,0,0,0,0,0
0,3,3.5,0,0,0,1,0,0,0,0,0
0,6,4.0,0,0,0,1,0,0,0,0,0
0,71,3.0,0,0,0,0,1,0,0,0,0
0,38,3.5,1,0,0,0,0,0,0,0,0
0,7,4.0,0,0,0,0,0,1,0,0,0
0,12,3.5,0,0,0,0,1,0,0,0,0
0,3,4.0,0,0,0,0,1,0,0,0,0
0,71,3.5,0,0,0,0,1,0,0,0,0
0,19,4.5,0,0,0,1,0,0,0,0,0
1,244,3.5,0,0,0,0,1,0,0,0,0
0,16,3.5,0,0,0,0,0,0,1,0,0
1,112,4.0,0,0,0,0,0,1,0,0,0
0,4,5.0,0,0,0,0,1,0,0,0,0
0,26,3.0,0,1,0,0,0,0,0,0,0
0,61,3.0,0,1,0,0,0,0,0,0,0
0,57,3.5,0,0,0,0,0,0,0,0,1
0,40,4.0,0,0,0,0,0,0,1,0,0
0,3,4.5,0,0,0,1,0,0,0,0,0
1,198,4.0,0,1,0,0,0,0,0,0,0
0,4,3.5,0,0,0,1,0,0,0,0,0
0,52,4.0,1,0,0,0,0,0,0,0,0
0,276,3.0,1,0,0,0,0,0,0,0,0
0,37,4.5,0,0,0,0,1,0,0,0,0
1,915,4.0,0,1,0,0,0,0,0,0,0
0,2,4.0,0,0,0,0,0,1,0,0,0
1,172,4.0,1,0,0,0,0,0,0,0,0
1,141,4.0,0,0,0,0,1,0,0,0,0
0,70,3.5,0,0,0,1,0,0,0,0,0
0,1,5.0,0,0,0,0,1,0,0,0,0
0,1,5.0,0,0,0,1,0,0,0,0,0
0,32,3.5,1,0,0,0,0,0,0,0,0
0,72,3.0,0,0,0,1,0,0,0,0,0
0,46,3.5,1,0,0,0,0,0,0,0,0
0,65,4.0,0,0,0,0,0,0,1,0,0
0,41,3.5,0,0,0,1,0,0,0,0,0
0,42,3.5,0,0,0,0,0,0,1,0,0
1,137,4.0,0,0,1,0,0,0,0,0,0
0,31,3.5,0,0,0,0,1,0,0,0,0
0,4,3.0,0,1,0,0,0,0,0,0,0
1,259,4.5,0,0,0,0,1,0,0,0,0
0,57,3.0,0,0,0,0,1,0,0,0,0
0,1,4.0,0,0,0,1,0,0,0,0,0
1,159,4.0,0,0,0,0,1,0,0,0,0
0,38,3.0,0,1,0,0,0,0,0,0,0
0,1,3.0,0,0,0,0,0,0,1,0,0
0,6,4.5,0,1,0,0,0,0,0,0,0
0,33,4.5,0,0,0,0,0,0,1,0,0
1,338,3.5,0,0,0,0,0,0,1,0,0
0,38,3.0,1,0,0,0,0,0,0,0,0
0,2,3.0,0,1,0,0,0,0,0,0,0
0,3,3.0,0,0,0,0,0,1,0,0,0
1,372,4.0,0,0,0,0,0,0,1,0,0
0,55,3.5,0,0,0,0,0,0,1,0,0
0,1,5.0,0,0,1,0,0,0,0,0,0
0,7,3.5,0,0,0,0,1,0,0,0,0
1,685,3.5,0,0,0,0,0,0,1,0,0
0,37,3.5,0,0,0,0,1,0,0,0,0
0,87,3.0,1,0,0,0,0,0,0,0,0
1,234,3.5,0,1,0,0,0,0,0,0,0
0,45,3.5,0,0,0,1,0,0,0,0,0
0,41,3.5,0,0,0,1,0,0,0,0,0
0,3,4.5,0,0,0,1,0,0,0,0,0
0,32,4.0,0,1,0,0,0,0,0,0,0
0,35,4.5,1,0,0,0,0,0,0,0,0
0,14,4.0,0,0,0,1,0,0,0,0,0
0,35,3.5,0,1,0,0,0,0,0,0,0
0,36,4.5,0,0,0,0,1,0,0,0,0
0,5,3.0,0,1,0,0,0,0,0,0,0
1,169,4.0,0,0,0,0,0,0,1,0,0
1,379,3.5,0,0,0,0,0,0,1,0,0
0,3,3.0,0,0,0,0,1,0,0,0,0
0,67,4.0,0,1,0,0,0,0,0,0,0
0,22,3.5,0,0,0,0,1,0,0,0,0
0,1,3.0,0,1,0,0,0,0,0,0,0
0,33,4.0,0,0,0,1,0,0,0,0,0
1,221,4.0,0,0,0,0,0,0,1,0,0
1,297,3.5,1,0,0,0,0,0,0,0,0
0,26,3.0,0,1,0,0,0,0,0,0,0
0,3,4.5,1,0,0,0,0,0,0,0,0
0,5,4.0,0,1,0,0,0,0,0,0,0
0,1,3.0,0,1,0,0,0,0,0,0,0
1,122,4.0,0,0,0,1,0,0,0,0,0
0,18,4.5,0,0,0,0,1,0,0,0,0
0,1,5.0,0,0,0,0,0,0,1,0,0
0,42,4.0,0,0,0,0,1,0,0,0,0
0,46,4.5,1,0,0,0,0,0,0,0,0
0,7,3.5,0,0,0,0,1,0,0,0,0
0,13,4.0,0,1,0,0,0,0,0,0,0
1,322,3.5,1,0,0,0,0,0,0,0,0
0,31,4.0,1,0,0,0,0,0,0,0,0
0,70,3.5,0,0,1,0,0,0,0,0,0
0,34,4.5,0,0,0,0,0,0,0,1,0
1,338,3.5,1,0,0,0,0,0,0,0,0
1,189,4.0,0,1,0,0,0,0,0,0,0
1,114,4.0,0,0,0,0,0,0,0,0,1
0,58,4.0,0,1,0,0,0,0,0,0,0
0,4,4.0,0,0,0,0,0,0,1,0,0
0,12,3.0,0,0,1,0,0,0,0,0,0
0,69,3.5,0,0,0,1,0,0,0,0,0
0,3,3.0,0,1,0,0,0,0,0,0,0
0,65,4.0,0,0,0,0,0,1,0,0,0
0,73,3.5,0,0,1,0,0,0,0,0,0
0,1,3.0,1,0,0,0,0,0,0,0,0
0,1029,3.0,0,1,0,0,0,0,0,0,0
0,5,4.0,0,0,0,1,0,0,0,0,0
1,186,4.0,0,0,1,0,0,0,0,0,0
0,9,4.0,0,0,0,0,1,0,0,0,0
0,17,4.0,0,1,0,0,0,0,0,0,0
0,11,4.0,0,0,0,1,0,0,0,0,0
0,48,4.0,0,0,0,1,0,0,0,0,0
0,15,3.0,1,0,0,0,0,0,0,0,0
0,10,4.5,0,0,0,1,0,0,0,0,0
0,62,3.5,0,1,0,0,0,0,0,0,0
0,3,4.5,0,1,0,0,0,0,0,0,0
0,4,4.5,0,0,0,0,1,0,0,0,0
0,1,3.0,0,0,0,0,0,0,1,0,0
0,6,4.0,0,0,1,0,0,0,0,0,0
1,239,3.5,1,0,0,0,0,0,0,0,0
0,59,3.0,0,0,0,0,0,0,1,0,0
0,8,3.0,0,1,0,0,0,0,0,0,0
0,4,3.0,1,0,0,0,0,0,0,0,0
0,4,4.0,0,0,0,0,0,0,1,0,0
1,105,4.0,0,1,0,0,0,0,0,0,0
0,41,3.0,0,1,0,0,0,0,0,0,0
0,11,4.5,1,0,0,0,0,0,0,0,0
0,40,3.0,1,0,0,0,0,0,0,0,0
0,16,3.5,0,1,0,0,0,0,0,0,0
0,11,3.5,1,0,0,0,0,0,0,0,0
0,4,3.5,0,1,0,0,0,0,0,0,0
1,105,4.0,0,0,0,0,0,0,1,0,0
0,22,3.5,0,0,0,0,0,1,0,0,0
1,132,4.0,0,0,0,0,0,0,1,0,0
0,73,3.5,0,0,0,1,0,0,0,0,0
0,194,3.0,0,1,0,0,0,0,0,0,0
0,58,3.5,0,0,0,1,0,0,0,0,0
0,27,4.5,0,1,0,0,0,0,0,0,0
0,15,3.5,0,0,0,1,0,0,0,0,0
1,477,4.0,1,0,0,0,0,0,0,0,0
0,1,5.0,0,0,0,0,1,0,0,0,0
0,2,4.0,0,1,0,0,0,0,0,0,0
0,3,3.0,0,0,0,1,0,0,0,0,0
1,349,4.0,1,0,0,0,0,0,0,0,0
0,61,4.0,0,0,0,0,0,0,0,0,1
0,44,3.5,0,0,0,1,0,0,0,0,0
0,70,3.0,0,1,0,0,0,0,0,0,0
0,5,3.5,0,0,1,0,0,0,0,0,0
0,139,3.0,1,0,0,0,0,0,0,0,0
1,130,3.5,1,0,0,0,0,0,0,0,0
0,59,3.5,0,0,0,0,0,0,1,0,0
0,24,4.5,1,0,0,0,0,0,0,0,0
0,22,4.0,0,0,0,0,1,0,0,0,0
1,109,4.0,0,0,0,0,1,0,0,0,0
0,88,3.0,0,0,0,0,0,0,1,0,0
0,55,4.0,0,0,0,0,1,0,0,0,0
0,23,5.0,1,0,0,0,0,0,0,0,0
0,28,3.0,0,0,0,0,0,0,1,0,0
0,5,4.0,0,0,0,0,1,0,0,0,0
0,12,3.5,0,0,0,0,1,0,0,0,0
0,47,3.5,0,1,0,0,0,0,0,0,0
0,24,3.0,0,0,1,0,0,0,0,0,0
1,107,3.5,0,1,0,0,0,0,0,0,0
1,153,3.5,1,0,0,0,0,0,0,0,0
1,274,3.5,0,1,0,0,0,0,0,0,0
0,168,3.0,0,0,1,0,0,0,0,0,0
0,10,3.5,0,1,0,0,0,0,0,0,0
0,6,3.5,0,0,0,0,1,0,0,0,0
0,61,4.5,0,0,0,0,1,0,0,0,0
0,63,3.5,0,1,0,0,0,0,0,0,0
0,1,5.0,0,0,0,0,0,1,0,0,0
0,16,4.5,0,0,0,0,0,0,1,0,0
0,66,3.5,0,1,0,0,0,0,0,0,0
0,4,3.0,0,1,0,0,0,0,0,0,0
0,7,4.0,0,0,0,0,1,0,0,0,0
0,3,5.0,0,0,1,0,0,0,0,0,0
0,147,3.0,0,1,0,0,0,0,0,0,0
0,6,4.5,0,1,0,0,0,0,0,0,0
0,30,3.5,0,0,0,0,1,0,0,0,0
0,33,4.5,0,0,0,0,0,1,0,0,0
0,21,3.0,0,0,0,0,1,0,0,0,0
0,35,3.5,0,0,0,0,0,1,0,0,0
0,61,3.5,0,0,0,0,0,0,1,0,0
0,1,3.0,0,1,0,0,0,0,0,0,0
0,55,4.0,0,0,0,0,1,0,0,0,0
0,35,3.5,0,0,0,0,1,0,0,0,0
0,37,3.5,0,0,0,0,1,0,0,0,0
0,17,3.5,0,0,0,1,0,0,0,0,0
0,39,3.5,0,0,0,0,1,0,0,0,0
0,39,3.5,0,0,0,0,1,0,0,0,0
0,35,3.5,0,1,0,0,0,0,0,0,0
0,12,3.0,0,1,0,0,0,0,0,0,0
0,46,3.0,0,0,0,0,0,0,1,0,0
0,7,5.0,0,0,1,0,0,0,0,0,0
0,13,4.5,0,0,1,0,0,0,0,0,0
1,210,4.0,0,1,0,0,0,0,0,0,0
1,372,4.0,1,0,0,0,0,0,0,0,0
0,49,3.0,0,1,0,0,0,0,0,0,0
0,346,3.0,0,0,1,0,0,0,0,0,0
1,225,4.5,0,0,0,0,0,1,0,0,0
1,168,3.5,0,1,0,0,0,0,0,0,0
1,126,4.0,0,1,0,0,0,0,0,0,0
0,4,3.5,0,0,0,0,1,0,0,0,0
0,64,4.0,1,0,0,0,0,0,0,0,0
0,12,3.0,0,0,0,1,0,0,0,0,0
1,98,4.0,0,1,0,0,0,0,0,0,0
1,343,3.5,1,0,0,0,0,0,0,0,0
0,15,4.5,0,0,1,0,0,0,0,0,0
1,183,4.0,0,0,0,0,0,0,1,0,0
0,3,4.5,0,0,0,0,1,0,0,0,0
0,5,5.0,0,0,0,1,0,0,0,0,0
0,56,3.0,1,0,0,0,0,0,0,0,0
1,155,3.5,0,0,0,0,0,0,1,0,0
1,196,4.0,1,0,0,0,0,0,0,0,0
0,18,3.5,0,1,0,0,0,0,0,0,0
1,157,3.5,1,0,0,0,0,0,0,0,0
0,2,2.5,0,0,0,0,0,1,0,0,0
0,1,5.0,0,0,0,1,0,0,0,0,0
1,150,3.5,0,0,0,0,0,0,1,0,0
0,63,4.0,0,0,0,0,0,0,1,0,0
1,255,4.0,0,0,0,0,1,0,0,0,0
0,37,3.5,0,1,0,0,0,0,0,0,0
0,34,3.5,0,1,0,0,0,0,0,0,0
0,7,4.5,0,0,0,0,1,0,0,0,0
0,40,3.5,0,0,1,0,0,0,0,0,0
0,8,4.5,0,0,0,1,0,0,0,0,0
0,1,5.0,0,0,0,0,1,0,0,0,0
0,13,3.5,0,0,0,1,0,0,0,0,0
0,18,3.5,0,0,1,0,0,0,0,0,0
1,151,4.5,0,0,0,0,0,1,0,0,0
1,215,3.5,0,0,0,0,0,1,0,0,0
1,314,4.0,1,0,0,0,0,0,0,0,0
0,9,3.0,0,1,0,0,0,0,0,0,0
0,192,3.0,0,0,0,0,0,0,1,0,0
1,173,3.5,0,0,0,1,0,0,0,0,0
0,69,3.0,0,0,0,0,1,0,0,0,0
0,15,3.0,0,1,0,0,0,0,0,0,0
0,57,3.5,0,0,1,0,0,0,0,0,0
0,5,5.0,0,0,0,0,1,0,0,0,0
1,100,4.0,1,0,0,0,0,0,0,0,0
0,66,4.0,0,0,0,0,1,0,0,0,0
0,259,3.0,0,0,0,1,0,0,0,0,0
0,60,3.5,0,1,0,0,0,0,0,0,0
0,64,4.5,0,0,0,0,0,0,0,0,1
0,40,3.0,0,1,0,0,0,0,0,0,0
0,17,3.5,0,1,0,0,0,0,0,0,0
0,4,4.0,1,0,0,0,0,0,0,0,0
0,11,4.0,0,0,0,0,1,0,0,0,0
1,191,3.5,1,0,0,0,0,0,0,0,0
0,9,3.5,0,0,0,1,0,0,0,0,0
1,135,4.0,0,0,0,0,0,0,1,0,0
0,39,3.0,0,1,0,0,0,0,0,0,0
0,9,3.5,0,1,0,0,0,0,0,0,0
0,9,3.0,0,1,0,0,0,0,0,0,0
0,19,3.5,0,0,1,0,0,0,0,0,0
0,10,4.0,0,1,0,0,0,0,0,0,0
0,17,3.0,0,1,0,0,0,0,0,0,0
1,136,3.5,1,0,0,0,0,0,0,0,0
1,429,3.5,0,0,0,0,0,0,1,0,0
0,4,4.5,0,0,0,0,1,0,0,0,0
0,11,3.0,0,1,0,0,0,0,0,0,0
0,4,3.5,0,0,0,0,0,0,0,0,1
0,42,4.0,0,0,0,0,1,0,0,0,0
1,427,4.0,0,0,0,0,0,0,1,0,0
0,54,3.5,1,0,0,0,0,0,0,0,0
0,70,4.0,0,0,0,0,1,0,0,0,0
0,38,3.0,1,0,0,0,0,0,0,0,0
0,52,3.0,0,0,0,0,1,0,0,0,0
1,194,3.5,1,0,0,0,0,0,0,0,0
0,13,3.5,0,1,0,0,0,0,0,0,0
0,48,4.0,0,0,0,0,1,0,0,0,0
1,387,3.5,0,0,0,0,1,0,0,0,0
0,256,3.0,1,0,0,0,0,0,0,0,0
0,101,3.0,0,0,0,0,0,0,1,0,0
1,922,4.0,1,0,0,0,0,0,0,0,0
0,40,4.0,0,0,1,0,0,0,0,0,0
1,123,3.5,1,0,0,0,0,0,0,0,0
1,463,3.5,1,0,0,0,0,0,0,0,0
1,182,3.5,1,0,0,0,0,0,0,0,0
0,38,4.5,0,0,0,1,0,0,0,0,0
0,25,4.0,1,0,0,0,0,0,0,0,0
0,19,3.0,1,0,0,0,0,0,0,0,0
0,55,4.0,1,0,0,0,0,0,0,0,0
0,28,4.5,0,0,0,0,0,0,0,1,0
0,287,3.0,0,0,0,0,1,0,0,0,0
0,28,3.0,0,0,0,0,1,0,0,0,0
0,16,3.5,0,0,0,0,1,0,0,0,0
0,19,3.5,0,0,0,0,1,0,0,0,0
0,4,3.5,0,0,0,0,1,0,0,0,0
0,13,4.5,0,0,0,1,0,0,0,0,0
0,1,5.0,1,0,0,0,0,0,0,0,0
0,18,3.0,0,0,0,0,1,0,0,0,0
1,247,3.5,0,0,0,0,0,0,0,0,1
0,6,3.0,0,0,0,0,1,0,0,0,0
0,11,3.5,0,0,0,0,1,0,0,0,0
0,1,5.0,0,0,0,1,0,0,0,0,0
0,2,4.0,0,0,0,0,1,0,0,0,0
0,46,3.5,0,1,0,0,0,0,0,0,0
0,20,3.0,0,0,1,0,0,0,0,0,0
0,2,4.5,0,0,0,0,0,1,0,0,0
1,183,4.0,1,0,0,0,0,0,0,0,0
0,4,3.5,0,0,0,0,0,0,1,0,0
0,13,3.5,0,1,0,0,0,0,0,0,0
0,5,4.0,0,0,1,0,0,0,0,0,0
0,6,4.5,0,0,0,1,0,0,0,0,0
0,3,4.5,0,1,0,0,0,0,0,0,0
0,38,3.5,0,0,0,0,1,0,0,0,0
0,1,5.0,0,0,0,0,1,0,0,0,0
0,104,3.0,0,1,0,0,0,0,0,0,0
0,24,3.0,0,1,0,0,0,0,0,0,0
1,158,4.0,1,0,0,0,0,0,0,0,0
0,35,4.0,1,0,0,0,0,0,0,0,0
0,82,3.0,0,0,0,0,0,0,1,0,0
1,115,3.5,0,0,1,0,0,0,0,0,0
0,47,3.5,0,0,0,1,0,0,0,0,0
0,51,4.0,0,1,0,0,0,0,0,0,0
0,56,4.0,0,0,0,0,1,0,0,0,0
1,117,4.0,1,0,0,0,0,0,0,0,0
0,18,3.5,0,1,0,0,0,0,0,0,0
0,43,3.5,0,0,0,0,1,0,0,0,0
0,1,5.0,0,0,0,0,0,0,1,0,0
0,2,3.5,0,1,0,0,0,0,0,0,0
0,1,5.0,0,1,0,0,0,0,0,0,0
0,19,3.5,0,0,1,0,0,0,0,0,0
0,11,3.5,1,0,0,0,0,0,0,0,0
0,34,4.0,0,0,0,1,0,0,0,0,0
0,18,4.0,0,0,1,0,0,0,0,0,0
0,30,3.5,0,0,0,0,1,0,0,0,0
0,13,4.0,0,1,0,0,0,0,0,0,0
0,279,3.0,0,0,0,0,1,0,0,0,0
1,111,3.5,0,0,0,1,0,0,0,0,0
0,11,3.5,0,0,0,0,1,0,0,0,0
0,31,4.0,0,0,0,0,0,0,1,0,0
0,2,4.0,1,0,0,0,0,0,0,0,0
0,2,4.5,0,0,0,0,0,1,0,0,0
1,257,3.5,1,0,0,0,0,0,0,0,0
0,38,4.0,0,0,0,0,1,0,0,0,0
0,42,3.5,1,0,0,0,0,0,0,0,0
0,6,3.5,0,0,0,0,1,0,0,0,0
0,44,3.5,0,0,0,0,1,0,0,0,0
0,1,5.0,0,1,0,0,0,0,0,0,0
0,49,3.5,0,0,0,0,0,0,1,0,0
0,11,3.0,0,0,0,0,1,0,0,0,0
0,9,4.0,0,0,0,0,0,0,0,1,0
0,3,3.5,0,0,0,1,0,0,0,0,0
0,39,4.0,0,1,0,0,0,0,0,0,0
0,4,3.5,0,0,0,0,0,0,1,0,0
1,213,4.0,0,0,0,0,1,0,0,0,0
0,165,3.0,0,0,0,0,0,0,1,0,0
0,11,3.5,0,1,0,0,0,0,0,0,0
0,44,4.0,0,0,0,0,1,0,0,0,0
0,13,4.5,0,0,0,0,0,0,1,0,0
1,115,3.5,0,1,0,0,0,0,0,0,0
0,1,3.0,0,0,0,1,0,0,0,0,0
0,14,4.0,1,0,0,0,0,0,0,0,0
0,184,3.0,1,0,0,0,0,0,0,0,0
0,118,3.0,0,0,0,0,0,0,0,0,1
0,11,4.5,0,0,0,1,0,0,0,0,0
0,2,4.5,0,0,0,0,0,0,0,0,1
0,5,4.0,0,1,0,0,0,0,0,0,0
0,41,3.5,0,1,0,0,0,0,0,0,0
0,6,3.5,0,0,0,0,0,0,1,0,0
0,65,4.0,0,0,0,1,0,0,0,0,0
1,127,3.5,0,0,0,0,1,0,0,0,0
0,7,4.0,0,0,1,0,0,0,0,0,0
0,6,4.0,0,0,0,0,1,0,0,0,0
0,64,4.5,0,0,0,0,0,0,1,0,0
0,5,3.5,0,1,0,0,0,0,0,0,0
0,2,2.5,1,0,0,0,0,0,0,0,0
0,104,3.0,0,1,0,0,0,0,0,0,0
0,67,3.5,0,0,0,0,0,0,1,0,0
0,15,4.5,0,1,0,0,0,0,0,0,0
0,5,3.5,1,0,0,0,0,0,0,0,0
0,33,3.5,0,0,0,0,1,0,0,0,0
0,3,4.5,0,0,0,0,0,0,1,0,0
0,8,4.0,0,0,0,1,0,0,0,0,0
0,378,3.0,1,0,0,0,0,0,0,0,0
0,46,4.0,0,1,0,0,0,0,0,0,0
0,46,4.5,0,0,0,0,1,0,0,0,0
0,56,3.0,0,0,0,0,1,0,0,0,0
0,60,3.5,1,0,0,0,0,0,0,0,0
0,62,3.0,0,0,1,0,0,0,0,0,0
1,239,3.5,0,0,0,0,0,0,1,0,0
0,2,3.5,0,1,0,0,0,0,0,0,0
0,25,4.0,0,0,0,0,1,0,0,0,0
0,18,4.0,0,0,0,0,1,0,0,0,0
1,132,4.0,1,0,0,0,0,0,0,0,0
0,252,3.0,0,0,1,0,0,0,0,0,0
0,49,4.0,0,0,0,0,1,0,0,0,0
0,1,3.0,0,0,0,0,1,0,0,0,0
1,102,4.0,0,0,0,0,1,0,0,0,0
0,3,4.0,0,1,0,0,0,0,0,0,0
0,65,4.0,0,0,0,0,0,1,0,0,0
0,8,3.5,1,0,0,0,0,0,0,0,0
0,37,3.0,0,0,0,1,0,0,0,0,0
0,11,3.0,0,0,0,1,0,0,0,0,0
0,28,3.0,0,1,0,0,0,0,0,0,0
1,104,4.0,0,0,0,1,0,0,0,0,0
0,2,3.5,0,0,0,0,1,0,0,0,0
0,16,4.0,0,0,0,0,0,0,0,0,1
0,68,3.5,0,1,0,0,0,0,0,0,0
1,105,3.5,0,0,0,0,0,0,1,0,0
0,12,3.5,0,0,0,0,1,0,0,0,0
0,44,4.0,1,0,0,0,0,0,0,0,0
0,1,4.0,1,0,0,0,0,0,0,0,0
0,6,4.0,0,0,0,1,0,0,0,0,0
0,24,3.5,0,1,0,0,0,0,0,0,0
1,419,4.5,0,0,0,0,1,0,0,0,0
0,15,3.0,0,1,0,0,0,0,0,0,0
1,102,4.0,0,0,0,0,0,0,1,0,0
1,231,4.5,1,0,0,0,0,0,0,0,0
0,35,5.0,0,0,0,0,0,1,0,0,0
0,5,4.0,0,0,0,0,0,0,1,0,0
1,262,4.0,1,0,0,0,0,0,0,0,0
0,4,3.0,0,0,0,0,1,0,0,0,0
0,2,3.0,0,0,0,0,0,0,1,0,0
0,16,4.0,0,0,0,0,0,0,1,0,0
0,67,3.5,0,1,0,0,0,0,0,0,0
0,2,3.0,0,0,0,0,0,1,0,0,0
1,149,3.5,0,0,0,0,0,0,1,0,0
1,319,4.0,0,0,0,0,0,0,1,0,0
1,288,4.5,0,0,0,0,1,0,0,0,0
0,1,5.0,0,0,0,0,0,0,1,0,0
0,6,3.0,0,0,0,0,0,0,1,0,0
0,15,3.0,0,0,0,0,0,0,1,0,0
0,259,3.0,0,0,0,0,1,0,0,0,0
0,201,3.0,1,0,0,0,0,0,0,0,0
0,50,4.5,0,0,0,0,1,0,0,0,0
1,108,3.5,0,1,0,0,0,0,0,0,0
1,472,4.0,0,1,0,0,0,0,0,0,0
0,10,3.0,0,1,0,0,0,0,0,0,0
0,42,4.0,1,0,0,0,0,0,0,0,0
1,386,3.5,0,1,0,0,0,0,0,0,0
0,2,3.0,0,0,1,0,0,0,0,0,0
0,67,3.5,0,0,1,0,0,0,0,0,0
0,1,4.0,0,0,1,0,0,0,0,0,0
0,68,4.5,0,0,0,0,0,0,1,0,0
0,21,4.5,0,0,0,0,1,0,0,0,0
0,51,3.0,0,0,0,0,1,0,0,0,0
0,8,5.0,0,0,0,0,1,0,0,0,0
0,5,3.0,0,0,0,1,0,0,0,0,0
0,62,3.0,0,1,0,0,0,0,0,0,0
0,4,3.0,0,0,0,0,0,1,0,0,0
0,13,4.0,0,0,0,0,0,0,1,0,0
0,2,4.5,0,0,0,0,0,0,0,0,1
0,17,4.5,0,0,0,0,0,1,0,0,0
0,14,4.0,0,0,0,1,0,0,0,0,0
0,6,3.5,0,1,0,0,0,0,0,0,0
0,14,3.0,0,0,0,0,1,0,0,0,0
0,15,4.0,0,0,0,0,0,0,0,1,0
0,314,3.0,0,0,0,0,1,0,0,0,0
0,59,4.5,0,0,0,0,1,0,0,0,0
0,33,3.0,0,0,0,1,0,0,0,0,0
0,175,3.0,1,0,0,0,0,0,0,0,0
0,40,3.5,1,0,0,0,0,0,0,0,0
0,16,4.0,0,0,0,0,1,0,0,0,0
0,36,4.0,0,0,0,0,1,0,0,0,0
1,280,3.5,0,0,0,0,1,0,0,0,0
1,113,4.5,0,0,0,0,1,0,0,0,0
0,40,4.5,0,0,0,0,1,0,0,0,0
0,1,3.0,0,0,0,0,1,0,0,0,0
0,5,4.0,0,0,0,0,1,0,0,0,0
0,58,3.0,0,0,1,0,0,0,0,0,0
0,63,3.5,0,1,0,0,0,0,0,0,0
0,27,3.5,0,0,1,0,0,0,0,0,0
0,13,4.5,0,0,0,0,0,0,0,0,1
0,19,3.0,0,0,0,1,0,0,0,0,0
1,127,3.5,0,0,0,0,0,0,1,0,0
0,145,3.0,0,1,0,0,0,0,0,0,0
1,180,3.5,0,0,0,0,0,0,1,0,0
1,98,3.5,0,0,0,1,0,0,0,0,0
0,50,3.0,0,0,0,0,1,0,0,0,0
0,102,3.0,0,1,0,0,0,0,0,0,0
0,227,3.0,1,0,0,0,0,0,0,0,0
0,61,3.0,0,0,0,0,0,0,1,0,0
1,249,4.0,0,1,0,0,0,0,0,0,0
1,135,4.0,0,1,0,0,0,0,0,0,0
1,131,4.0,1,0,0,0,0,0,0,0,0
0,3,3.5,0,0,0,0,0,0,1,0,0
1,239,3.5,0,0,0,0,1,0,0,0,0
1,261,3.5,0,1,0,0,0,0,0,0,0
0,8,3.5,0,0,0,0,1,0,0,0,0
0,14,3.0,0,1,0,0,0,0,0,0,0
0,1,3.0,0,1,0,0,0,0,0,0,0
0,6,4.5,0,0,0,0,1,0,0,0,0
0,19,3.0,0,0,0,0,0,0,1,0,0
0,3,4.5,0,0,1,0,0,0,0,0,0
0,57,3.5,0,0,0,0,1,0,0,0,0
0,16,3.5,0,1,0,0,0,0,0,0,0
0,2,3.5,0,0,0,1,0,0,0,0,0
0,30,3.5,1,0,0,0,0,0,0,0,0
0,29,3.5,0,0,0,0,1,0,0,0,0
0,23,3.0,0,0,0,1,0,0,0,0,0
0,13,4.5,0,0,0,0,1,0,0,0,0
0,67,4.0,0,0,0,0,0,0,1,0,0
0,17,4.0,0,1,0,0,0,0,0,0,0
0,31,4.0,0,0,0,0,1,0,0,0,0
0,26,4.0,0,0,0,0,0,0,1,0,0
1,180,3.5,0,0,0,0,1,0,0,0,0
1,231,3.5,0,1,0,0,0,0,0,0,0
0,48,4.0,0,0,0,0,0,0,1,0,0
0,10,3.5,0,1,0,0,0,0,0,0,0
0,97,3.0,0,0,1,0,0,0,0,0,0
0,15,4.0,0,1,0,0,0,0,0,0,0
0,66,4.0,0,0,0,1,0,0,0,0,0
0,61,3.5,0,0,0,0,1,0,0,0,0
0,8,3.0,0,1,0,0,0,0,0,0,0
0,47,3.5,0,1,0,0,0,0,0,0,0
0,16,3.5,0,1,0,0,0,0,0,0,0
1,113,3.5,0,0,1,0,0,0,0,0,0
0,63,3.5,0,1,0,0,0,0,0,0,0
0,3,5.0,0,0,0,0,0,0,1,0,0
0,50,3.5,0,0,0,0,1,0,0,0,0
0,144,3.0,1,0,0,0,0,0,0,0,0
0,63,4.0,1,0,0,0,0,0,0,0,0
0,25,3.5,1,0,0,0,0,0,0,0,0
1,107,3.5,1,0,0,0,0,0,0,0,0
0,16,4.0,0,0,0,1,0,0,0,0,0
0,3,3.0,0,0,0,1,0,0,0,0,0
0,25,3.5,0,0,0,0,0,0,0,0,1
0,1,4.0,0,1,0,0,0,0,0,0,0
0,9,4.0,0,0,0,0,1,0,0,0,0
0,20,3.5,0,0,0,0,1,0,0,0,0
0,5,3.0,0,1,0,0,0,0,0,0,0
1,118,3.5,1,0,0,0,0,0,0,0,0
0,6,4.5,1,0,0,0,0,0,0,0,0
0,38,3.0,0,0,0,0,1,0,0,0,0
1,273,3.5,0,1,0,0,0,0,0,0,0
0,32,4.5,0,0,0,0,1,0,0,0,0
0,35,3.0,1,0,0,0,0,0,0,0,0
0,8,3.0,0,0,0,0,1,0,0,0,0
0,65,3.5,0,1,0,0,0,0,0,0,0
1,380,4.0,0,0,0,0,1,0,0,0,0
0,151,3.0,0,0,0,0,0,0,1,0,0
1,100,3.5,0,1,0,0,0,0,0,0,0
0,28,3.0,0,0,0,1,0,0,0,0,0
0,57,3.5,1,0,0,0,0,0,0,0,0
0,8,4.0,0,0,0,0,0,0,0,1,0
1,163,4.0,0,0,0,0,0,0,1,0,0
0,61,4.5,0,0,0,0,0,1,0,0,0
1,221,3.5,1,0,0,0,0,0,0,0,0
0,1,3.0,0,1,0,0,0,0,0,0,0
0,12,3.5,0,0,0,0,0,0,1,0,0
1,643,4.0,1,0,0,0,0,0,0,0,0
1,103,3.5,0,0,0,1,0,0,0,0,0
0,1,3.0,0,0,0,0,0,0,1,0,0
0,257,3.0,0,0,0,0,0,0,1,0,0
0,48,3.0,0,0,0,0,1,0,0,0,0
0,27,4.0,0,1,0,0,0,0,0,0,0
1,145,4.0,1,0,0,0,0,0,0,0,0
0,38,3.0,0,1,0,0,0,0,0,0,0
0,12,3.0,0,0,0,1,0,0,0,0,0
0,7,4.5,0,0,0,1,0,0,0,0,0
1,180,4.5,0,0,0,1,0,0,0,0,0
1,330,4.0,1,0,0,0,0,0,0,0,0
0,67,3.5,0,1,0,0,0,0,0,0,0
0,18,3.5,1,0,0,0,0,0,0,0,0
0,21,3.0,0,0,0,0,1,0,0,0,0
0,20,4.0,0,1,0,0,0,0,0,0,0
1,183,3.5,1,0,0,0,0,0,0,0,0
0,26,3.5,0,1,0,0,0,0,0,0,0
1,127,3.5,0,0,0,0,1,0,0,0,0
0,18,4.0,0,0,0,0,0,0,1,0,0
0,12,4.0,1,0,0,0,0,0,0,0,0
0,19,3.0,0,1,0,0,0,0,0,0,0
0,88,3.0,0,1,0,0,0,0,0,0,0
0,45,3.0,0,1,0,0,0,0,0,0,0
0,23,3.0,0,0,0,0,1,0,0,0,0
0,7,4.0,0,0,0,0,1,0,0,0,0
1,129,4.0,1,0,0,0,0,0,0,0,0
1,626,4.0,1,0,0,0,0,0,0,0,0
1,566,3.5,0,0,0,0,0,0,1,0,0
0,36,3.0,1,0,0,0,0,0,0,0,0
0,17,4.0,0,0,0,0,1,0,0,0,0
0,5,4.0,0,0,1,0,0,0,0,0,0
1,133,3.5,0,0,0,0,0,0,0,0,1
0,49,4.5,0,0,0,0,1,0,0,0,0
0,43,3.5,1,0,0,0,0,0,0,0,0
0,5,4.5,0,0,0,0,0,0,1,0,0
0,8,3.0,0,0,0,1,0,0,0,0,0
1,101,3.5,0,0,0,0,0,0,0,0,1
0,6,4.5,0,0,0,0,0,1,0,0,0
0,13,4.5,0,0,0,0,0,0,1,0,0
0,3,3.5,0,0,1,0,0,0,0,0,0
0,26,4.0,0,0,0,1,0,0,0,0,0
0,75,3.0,0,0,0,0,1,0,0,0,0
0,29,4.5,1,0,0,0,0,0,0,0,0
0,52,3.0,1,0,0,0,0,0,0,0,0
0,28,4.5,0,0,1,0,0,0,0,0,0
0,39,3.5,0,0,1,0,0,0,0,0,0
1,186,4.0,0,0,0,0,1,0,0,0,0
0,5,4.0,1,0,0,0,0,0,0,0,0
0,1,5.0,0,0,0,1,0,0,0,0,0
0,11,4.0,0,1,0,0,0,0,0,0,0
1,201,3.5,1,0,0,0,0,0,0,0,0
0,49,4.0,0,0,0,0,1,0,0,0,0
0,5,4.0,1,0,0,0,0,0,0,0,0
0,43,4.0,0,0,0,1,0,0,0,0,0
1,150,3.5,1,0,0,0,0,0,0,0,0
0,2,3.5,0,0,1,0,0,0,0,0,0
0,52,3.0,0,1,0,0,0,0,0,0,0
0,22,3.5,0,0,0,0,0,0,0,0,1
0,1,4.0,0,1,0,0,0,0,0,0,0
1,174,4.0,1,0,0,0,0,0,0,0,0
0,55,3.5,0,0,1,0,0,0,0,0,0
0,3,5.0,0,1,0,0,0,0,0,0,0
0,28,4.0,0,0,0,0,1,0,0,0,0
0,1,3.0,0,0,0,1,0,0,0,0,0
0,45,3.0,0,0,0,0,0,0,0,1,0
0,55,3.5,1,0,0,0,0,0,0,0,0
1,566,3.5,1,0,0,0,0,0,0,0,0
0,52,3.0,0,0,0,0,1,0,0,0,0
1,194,3.5,0,1,0,0,0,0,0,0,0
1,334,4.0,0,0,0,0,0,0,1,0,0
0,33,3.0,0,0,1,0,0,0,0,0,0
0,101,3.0,0,0,0,0,1,0,0,0,0
0,40,3.0,0,1,0,0,0,0,0,0,0
0,4,5.0,0,1,0,0,0,0,0,0,0
0,16,4.0,0,0,0,0,0,0,1,0,0
0,27,3.5,0,1,0,0,0,0,0,0,0
0,1,4.0,0,1,0,0,0,0,0,0,0
0,35,4.0,1,0,0,0,0,0,0,0,0
0,3,4.5,0,0,0,0,1,0,0,0,0
0,110,3.0,0,0,0,0,0,0,1,0,0
0,12,3.5,0,1,0,0,0,0,0,0,0
0,59,3.5,1,0,0,0,0,0,0,0,0
0,140,3.0,0,1,0,0,0,0,0,0,0
0,15,3.5,0,0,0,0,1,0,0,0,0
0,1,3.0,0,1,0,0,0,0,0,0,0
0,65,4.0,0,0,0,0,0,0,0,0,1
0,2,4.5,0,0,0,1,0,0,0,0,0
0,26,3.0,0,0,0,0,1,0,0,0,0
0,23,4.0,0,0,0,0,0,0,1,0,0
0,34,3.0,1,0,0,0,0,0,0,0,0
0,63,3.5,0,0,0,0,1,0,0,0,0
0,10,3.5,0,0,0,0,1,0,0,0,0
0,25,4.0,0,1,0,0,0,0,0,0,0
0,6,4.0,0,0,0,0,0,0,0,1,0
0,1,4.0,0,1,0,0,0,0,0,0,0
1,120,4.5,1,0,0,0,0,0,0,0,0
0,71,4.0,0,0,1,0,0,0,0,0,0
0,54,4.0,1,0,0,0,0,0,0,0,0
0,71,3.0,0,0,0,0,1,0,0,0,0
0,8,4.0,0,0,0,1,0,0,0,0,0
0,75,3.5,0,1,0,0,0,0,0,0,0
0,35,3.0,0,0,0,0,1,0,0,0,0
1,189,3.5,0,0,0,0,0,0,1,0,0
0,36,3.0,1,0,0,0,0,0,0,0,0
0,50,3.5,0,0,0,0,1,0,0,0,0
1,868,4.0,0,1,0,0,0,0,0,0,0
0,100,3.0,0,1,0,0,0,0,0,0,0
0,6,3.5,0,0,0,0,1,0,0,0,0
0,3,3.5,1,0,0,0,0,0,0,0,0
0,2,3.5,0,0,0,0,0,0,1,0,0
0,40,3.0,1,0,0,0,0,0,0,0,0
0,6,3.0,0,0,1,0,0,0,0,0,0
0,2,4.0,0,1,0,0,0,0,0,0,0
0,2,3.5,0,1,0,0,0,0,0,0,0
1,125,3.5,1,0,0,0,0,0,0,0,0
1,146,4.0,0,0,0,0,0,0,0,0,1
0,7,4.0,0,0,0,0,1,0,0,0,0
1,191,3.5,0,1,0,0,0,0,0,0,0
0,3,4.5,1,0,0,0,0,0,0,0,0
1,185,3.5,0,0,0,0,0,0,0,0,1
0,4,3.5,0,0,0,0,0,0,1,0,0
1,101,3.5,1,0,0,0,0,0,0,0,0
0,287,3.0,1,0,0,0,0,0,0,0,0
0,13,3.0,1,0,0,0,0,0,0,0,0
0,16,4.0,0,0,0,0,1,0,0,0,0
0,77,3.0,0,1,0,0,0,0,0,0,0
0,3,3.5,0,0,0,0,1,0,0,0,0
0,3,3.5,0,1,0,0,0,0,0,0,0
1,99,3.5,0,1,0,0,0,0,0,0,0
0,12,4.0,0,0,0,0,0,0,0,1,0
0,31,4.0,0,0,1,0,0,0,0,0,0
0,4,4.5,0,0,0,1,0,0,0,0,0
0,10,3.5,0,0,1,0,0,0,0,0,0
0,129,3.0,1,0,0,0,0,0,0,0,0
0,1,3.0,0,1,0,0,0,0,0,0,0
0,167,3.0,1,0,0,0,0,0,0,0,0
1,457,3.5,1,0,0,0,0,0,0,0,0
1,114,3.5,1,0,0,0,0,0,0,0,0
0,3,3.5,0,1,0,0,0,0,0,0,0
1,121,4.0,0,0,0,1,0,0,0,0,0
0,19,3.5,0,0,0,0,1,0,0,0,0
0,92,3.0,0,0,0,0,0,0,1,0,0
1,178,4.0,0,0,0,0,0,0,1,0,0
0,1,4.0,0,0,0,1,0,0,0,0,0
0,17,4.5,0,0,0,0,1,0,0,0,0
0,3,3.0,0,1,0,0,0,0,0,0,0
0,24,3.5,1,0,0,0,0,0,0,0,0
0,6,5.0,0,0,0,0,0,1,0,0,0
1,100,4.0,1,0,0,0,0,0,0,0,0
0,32,4.0,0,1,0,0,0,0,0,0,0
0,49,3.0,0,0,0,0,1,0,0,0,0
1,146,4.0,0,0,0,0,1,0,0,0,0
0,6,3.5,0,0,0,0,0,0,0,1,0
1,147,4.0,1,0,0,0,0,0,0,0,0
0,13,4.0,0,0,0,0,1,0,0,0,0
0,10,3.0,0,1,0,0,0,0,0,0,0
0,119,3.0,0,0,0,0,1,0,0,0,0
0,1,5.0,0,1,0,0,0,0,0,0,0
0,82,3.0,1,0,0,0,0,0,0,0,0
0,8,3.5,0,0,0,0,0,0,1,0,0
0,26,3.5,1,0,0,0,0,0,0,0,0
1,286,3.5,0,0,0,0,0,0,1,0,0
0,40,3.5,0,0,0,1,0,0,0,0,0
0,8,3.5,0,1,0,0,0,0,0,0,0
1,394,4.0,1,0,0,0,0,0,0,0,0
1,138,4.0,0,0,0,0,1,0,0,0,0
0,4,3.0,0,0,1,0,0,0,0,0,0
1,166,4.0,0,0,0,1,0,0,0,0,0
0,49,3.0,0,0,1,0,0,0,0,0,0
0,5,4.5,1,0,0,0,0,0,0,0,0
0,2,4.0,0,0,0,1,0,0,0,0,0
0,3,4.5,0,0,1,0,0,0,0,0,0
0,17,3.0,0,0,0,0,1,0,0,0,0
0,27,4.0,0,0,0,1,0,0,0,0,0
1,319,4.0,1,0,0,0,0,0,0,0,0
1,129,3.5,0,0,0,0,0,0,1,0,0
1,220,4.5,0,0,0,0,0,0,1,0,0
0,56,3.0,0,0,0,0,1,0,0,0,0
0,42,4.0,0,0,0,0,1,0,0,0,0
1,255,4.0,1,0,0,0,0,0,0,0,0
0,46,4.0,0,0,0,1,0,0,0,0,0
0,21,3.5,0,0,0,0,1,0,0,0,0
0,40,4.0,1,0,0,0,0,0,0,0,0
0,2,4.5,0,1,0,0,0,0,0,0,0
0,43,3.5,0,0,0,1,0,0,0,0,0
0,53,3.5,0,1,0,0,0,0,0,0,0
1,320,3.5,1,0,0,0,0,0,0,0,0
0,8,3.0,0,0,0,1,0,0,0,0,0
1,204,3.5,0,0,0,0,1,0,0,0,0
1,346,3.5,1,0,0,0,0,0,0,0,0
0,24,3.5,0,1,0,0,0,0,0,0,0
0,10,4.5,0,0,0,1,0,0,0,0,0
0,42,4.0,0,1,0,0,0,0,0,0,0
0,19,4.5,0,0,0,0,0,1,0,0,0
0,28,3.5,0,1,0,0,0,0,0,0,0
0,103,3.0,0,0,1,0,0,0,0,0,0
0,2,4.5,0,0,0,1,0,0,0,0,0
0,35,3.0,0,0,0,0,1,0,0,0,0
0,5,3.0,0,1,0,0,0,0,0,0,0
1,126,4.5,0,0,0,0,0,0,0,1,0
1,626,4.0,0,0,0,0,1,0,0,0,0
0,6,5.0,0,0,0,0,1,0,0,0,0
1,126,4.5,0,1,0,0,0,0,0,0,0
0,1,4.0,0,0,0,0,0,0,1,0,0
0,27,3.0,1,0,0,0,0,0,0,0,0
0,6,3.5,0,1,0,0,0,0,0,0,0
1,220,4.5,0,0,0,0,0,1,0,0,0
0,26,3.5,0,0,1,0,0,0,0,0,0
0,19,3.5,0,0,0,0,0,0,1,0,0
0,125,3.0,0,1,0,0,0,0,0,0,0
0,17,4.5,0,0,0,1,0,0,0,0,0
1,429,4.0,1,0,0,0,0,0,0,0,0
0,1,3.0,0,1,0,0,0,0,0,0,0
0,48,4.5,0,0,0,0,1,0,0,0,0
1,169,4.0,0,0,1,0,0,0,0,0,0
1,211,3.5,0,0,0,0,1,0,0,0,0
1,114,4.5,0,0,0,1,0,0,0,0,0
0,8,4.0,0,0,0,1,0,0,0,0,0
0,13,3.5,0,1,0,0,0,0,0,0,0
0,1,5.0,0,0,0,0,1,0,0,0,0
1,122,4.5,0,0,0,1,0,0,0,0,0
1,342,3.5,0,1,0,0,0,0,0,0,0
0,51,4.0,0,0,0,0,1,0,0,0,0
1,112,4.0,0,0,0,0,0,0,0,0,1
0,63,3.5,0,0,0,0,1,0,0,0,0
0,7,4.0,0,1,0,0,0,0,0,0,0
0,11,4.5,0,0,0,1,0,0,0,0,0
0,9,3.0,0,1,0,0,0,0,0,0,0
0,256,3.0,0,0,0,0,1,0,0,0,0
0,1,3.0,0,1,0,0,0,0,0,0,0
0,16,4.0,0,0,0,0,1,0,0,0,0
0,8,3.5,0,0,0,0,1,0,0,0,0
1,157,4.0,1,0,0,0,0,0,0,0,0
0,27,4.0,0,0,0,1,0,0,0,0,0
0,6,4.0,0,0,0,1,0,0,0,0,0
0,17,4.0,0,0,0,0,1,0,0,0,0
0,2,4.5,0,0,0,0,0,1,0,0,0
0,70,3.5,0,1,0,0,0,0,0,0,0
0,8,3.5,0,1,0,0,0,0,0,0,0
0,1,4.0,0,0,0,1,0,0,0,0,0
0,57,3.0,0,1,0,0,0,0,0,0,0
0,1,3.0,0,0,0,0,0,0,1,0,0
0,1,3.0,0,1,0,0,0,0,0,0,0
0,1,4.0,0,0,0,0,1,0,0,0,0
0,3,5.0,0,0,0,0,0,1,0,0,0
1,377,4.0,1,0,0,0,0,0,0,0,0
0,3,3.5,0,0,0,0,0,0,1,0,0
0,48,4.0,0,0,0,0,0,1,0,0,0
0,1,5.0,0,0,0,0,0,0,1,0,0
1,196,4.0,0,0,0,1,0,0,0,0,0
0,5,3.5,0,1,0,0,0,0,0,0,0
1,182,3.5,0,0,0,0,1,0,0,0,0
0,1,5.0,0,0,1,0,0,0,0,0,0
0,26,4.0,0,0,0,0,0,0,1,0,0
0,72,4.0,0,0,0,0,0,0,1,0,0
0,5,4.5,0,1,0,0,0,0,0,0,0
0,33,3.5,1,0,0,0,0,0,0,0,0
0,9,3.5,0,1,0,0,0,0,0,0,0
0,18,3.0,0,0,0,0,0,0,1,0,0
0,50,4.0,0,0,1,0,0,0,0,0,0
0,57,3.5,0,1,0,0,0,0,0,0,0
0,54,4.0,0,0,1,0,0,0,0,0,0
0,3,3.5,0,1,0,0,0,0,0,0,0
0,60,3.0,1,0,0,0,0,0,0,0,0
0,31,4.0,0,0,0,0,1,0,0,0,0
0,144,3.0,0,1,0,0,0,0,0,0,0
0,60,4.5,0,0,0,0,0,0,1,0,0
1,180,3.5,1,0,0,0,0,0,0,0,0
0,4,4.0,0,0,0,0,1,0,0,0,0
0,1,3.0,0,0,0,0,0,0,1,0,0
1,176,4.0,0,0,0,1,0,0,0,0,0
0,31,3.5,1,0,0,0,0,0,0,0,0
0,25,3.5,0,1,0,0,0,0,0,0,0
0,9,4.0,0,1,0,0,0,0,0,0,0
1,99,3.5,1,0,0,0,0,0,0,0,0
0,68,3.0,0,0,0,0,0,0,1,0,0
1,132,3.5,0,0,0,0,1,0,0,0,0
0,23,3.5,0,0,0,0,1,0,0,0,0
0,3,3.5,0,1,0,0,0,0,0,0,0
1,154,4.0,1,0,0,0,0,0,0,0,0
0,16,4.0,0,0,0,0,1,0,0,0,0
0,60,4.0,0,0,0,1,0,0,0,0,0
1,975,4.0,0,0,0,0,1,0,0,0,0
0,64,3.0,0,0,0,0,1,0,0,0,0
0,63,4.0,0,0,0,0,0,0,0,0,1
1,124,3.5,0,0,0,0,0,0,1,0,0
0,4,3.5,0,0,0,1,0,0,0,0,0
0,10,3.5,0,1,0,0,0,0,0,0,0
0,36,3.5,0,0,0,0,0,0,1,0,0
1,175,3.5,0,0,0,0,0,0,1,0,0
1,538,4.0,0,0,0,0,1,0,0,0,0
0,5,4.0,0,0,0,0,1,0,0,0,0
1,326,5.0,0,0,0,0,1,0,0,0,0
1,118,4.0,0,0,0,0,0,0,1,0,0
1,293,3.5,0,1,0,0,0,0,0,0,0
1,147,4.5,1,0,0,0,0,0,0,0,0
0,256,3.0,0,0,0,0,1,0,0,0,0
0,11,4.0,0,0,0,1,0,0,0,0,0
0,1,4.0,0,0,0,0,1,0,0,0,0
0,58,3.5,0,0,0,0,1,0,0,0,0
0,21,4.0,1,0,0,0,0,0,0,0,0
0,55,3.5,0,0,1,0,0,0,0,0,0
0,25,4.5,0,0,0,1,0,0,0,0,0
0,89,3.0,0,0,0,0,1,0,0,0,0
1,138,4.5,0,0,0,0,1,0,0,0,0
0,54,3.5,0,0,0,1,0,0,0,0,0
0,49,3.0,0,0,0,0,1,0,0,0,0
0,63,4.0,0,0,0,0,1,0,0,0,0
0,30,3.5,1,0,0,0,0,0,0,0,0
1,119,4.5,1,0,0,0,0,0,0,0,0
1,501,3.5,0,0,0,1,0,0,0,0,0
0,7,3.5,0,0,0,0,1,0,0,0,0
1,98,4.0,0,0,0,0,0,0,1,0,0
1,111,3.5,0,0,1,0,0,0,0,0,0
0,15,3.5,0,0,0,0,0,0,0,0,1
1,248,3.5,0,0,0,0,0,0,1,0,0
1,98,3.5,0,1,0,0,0,0,0,0,0
0,5,3.0,0,1,0,0,0,0,0,0,0
0,57,3.0,1,0,0,0,0,0,0,0,0
1,147,3.5,0,0,0,0,1,0,0,0,0
0,25,3.0,0,0,0,0,0,0,1,0,0
1,150,3.5,1,0,0,0,0,0,0,0,0
0,29,4.0,0,0,0,0,1,0,0,0,0
0,13,3.0,0,0,0,0,0,0,1,0,0
0,4,4.0,0,1,0,0,0,0,0,0,0
0,43,3.5,0,0,0,0,0,0,1,0,0
0,32,3.5,0,0,0,0,1,0,0,0,0
0,8,4.5,0,0,1,0,0,0,0,0,0
0,22,4.0,0,0,0,1,0,0,0,0,0
0,3,4.0,0,0,0,0,0,0,1,0,0
0,69,4.0,0,0,0,1,0,0,0,0,0
0,17,4.0,0,0,1,0,0,0,0,0,0
0,75,4.0,0,1,0,0,0,0,0,0,0
0,14,3.5,0,0,0,0,1,0,0,0,0
0,2,3.0,0,0,0,0,0,0,0,1,0
0,41,3.5,0,0,1,0,0,0,0,0,0
1,444,3.5,0,0,0,0,0,0,1,0,0
0,24,4.0,0,0,0,0,1,0,0,0,0
0,48,3.5,0,0,0,1,0,0,0,0,0
1,118,4.5,0,0,0,0,0,0,1,0,0
0,12,3.0,0,0,1,0,0,0,0,0,0
1,148,3.5,1,0,0,0,0,0,0,0,0
1,111,4.0,0,0,0,0,1,0,0,0,0
0,23,4.5,0,0,0,1,0,0,0,0,0
0,51,4.0,0,0,0,1,0,0,0,0,0
1,303,4.0,0,0,1,0,0,0,0,0,0
1,119,3.5,0,1,0,0,0,0,0,0,0
0,5,3.0,1,0,0,0,0,0,0,0,0
0,6,4.0,0,0,0,1,0,0,0,0,0
0,75,4.0,0,0,0,1,0,0,0,0,0
0,8,4.0,0,0,0,0,0,1,0,0,0
0,22,4.0,0,0,0,1,0,0,0,0,0
0,50,4.0,0,1,0,0,0,0,0,0,0
1,259,4.5,1,0,0,0,0,0,0,0,0
0,26,3.5,0,1,0,0,0,0,0,0,0
0,35,4.5,0,0,0,0,0,0,1,0,0
0,31,4.0,0,1,0,0,0,0,0,0,0
0,12,4.0,0,1,0,0,0,0,0,0,0
0,13,3.5,0,1,0,0,0,0,0,0,0
0,57,3.0,1,0,0,0,0,0,0,0,0
0,27,3.5,0,0,0,1,0,0,0,0,0
0,32,3.0,0,1,0,0,0,0,0,0,0
0,31,3.0,0,1,0,0,0,0,0,0,0
0,73,3.0,0,0,0,0,1,0,0,0,0
0,1,3.0,0,0,0,1,0,0,0,0,0
0,37,4.0,0,1,0,0,0,0,0,0,0
1,192,3.5,0,0,0,0,1,0,0,0,0
0,41,4.0,1,0,0,0,0,0,0,0,0
1,102,4.0,0,0,0,1,0,0,0,0,0
1,252,3.5,0,0,0,0,1,0,0,0,0
1,288,3.5,0,0,0,0,0,0,1,0,0
0,256,3.0,1,0,0,0,0,0,0,0,0
1,108,4.0,0,0,1,0,0,0,0,0,0
1,480,4.0,0,0,0,0,0,0,0,0,1
1,171,4.5,1,0,0,0,0,0,0,0,0
0,1,4.0,0,0,0,0,0,0,0,1,0
0,4,3.0,0,0,0,0,0,0,1,0,0
0,39,4.5,0,0,0,0,0,0,0,1,0
1,448,3.5,1,0,0,0,0,0,0,0,0
0,54,4.0,0,1,0,0,0,0,0,0,0
0,3,3.0,0,0,0,0,1,0,0,0,0
0,27,3.0,1,0,0,0,0,0,0,0,0
1,182,3.5,0,0,0,0,0,0,1,0,0
1,106,3.5,0,1,0,0,0,0,0,0,0
1,117,4.0,1,0,0,0,0,0,0,0,0
0,22,3.0,0,0,0,0,1,0,0,0,0
0,14,3.0,0,1,0,0,0,0,0,0,0
0,14,4.0,0,0,0,1,0,0,0,0,0
0,9,3.5,0,1,0,0,0,0,0,0,0
0,15,3.5,1,0,0,0,0,0,0,0,0
0,20,3.0,1,0,0,0,0,0,0,0,0
0,2,3.5,0,0,0,1,0,0,0,0,0
1,288,3.5,0,0,0,0,1,0,0,0,0
0,59,3.5,0,1,0,0,0,0,0,0,0
0,1,4.0,1,0,0,0,0,0,0,0,0
1,411,3.5,1,0,0,0,0,0,0,0,0
0,49,3.5,0,1,0,0,0,0,0,0,0
0,17,4.0,0,0,1,0,0,0,0,0,0
1,108,3.5,1,0,0,0,0,0,0,0,0
0,15,4.5,0,0,0,1,0,0,0,0,0
1,662,3.5,0,0,0,0,1,0,0,0,0
1,114,3.5,0,0,0,0,1,0,0,0,0
1,626,4.0,0,0,0,0,0,0,1,0,0
0,6,3.5,0,1,0,0,0,0,0,0,0
1,160,3.5,0,0,0,0,1,0,0,0,0
0,18,3.5,0,1,0,0,0,0,0,0,0
1,191,4.0,1,0,0,0,0,0,0,0,0
0,67,3.0,0,0,0,0,0,0,1,0,0
0,3,3.5,0,0,0,0,1,0,0,0,0
0,68,4.0,0,0,0,0,0,0,1,0,0
0,24,4.0,0,0,0,0,1,0,0,0,0
0,164,3.0,1,0,0,0,0,0,0,0,0
0,35,4.0,0,0,0,0,1,0,0,0,0
0,3,4.5,0,0,0,0,0,0,1,0,0
1,106,4.5,0,1,0,0,0,0,0,0,0
0,32,4.0,0,0,0,0,1,0,0,0,0
1,140,3.5,0,1,0,0,0,0,0,0,0
0,53,3.5,1,0,0,0,0,0,0,0,0
0,46,4.0,0,0,0,1,0,0,0,0,0
1,111,4.0,1,0,0,0,0,0,0,0,0
0,7,3.5,0,1,0,0,0,0,0,0,0
0,15,4.0,0,0,0,0,0,0,0,0,1
1,124,3.5,1,0,0,0,0,0,0,0,0
0,128,3.0,0,0,0,0,1,0,0,0,0
0,31,4.0,0,0,0,0,1,0,0,0,0
0,40,4.0,0,0,0,0,1,0,0,0,0
0,164,3.0,0,0,0,0,1,0,0,0,0
1,309,3.5,0,0,0,0,1,0,0,0,0
0,33,3.0,0,1,0,0,0,0,0,0,0
0,36,4.5,0,0,1,0,0,0,0,0,0
1,132,4.0,0,0,0,0,1,0,0,0,0
1,151,4.5,1,0,0,0,0,0,0,0,0
0,1,3.0,0,0,0,1,0,0,0,0,0
0,64,4.0,0,0,0,1,0,0,0,0,0
1,234,3.5,0,1,0,0,0,0,0,0,0
0,72,3.5,0,0,0,0,1,0,0,0,0
0,37,4.0,0,0,0,0,0,0,0,0,1
0,1,3.0,0,1,0,0,0,0,0,0,0
0,5,5.0,0,0,0,1,0,0,0,0,0
0,36,4.0,0,0,0,1,0,0,0,0,0
1,226,3.5,0,0,0,0,0,0,1,0,0
0,42,4.0,1,0,0,0,0,0,0,0,0
1,344,4.0,1,0,0,0,0,0,0,0,0
0,14,4.0,1,0,0,0,0,0,0,0,0
0,16,4.5,0,0,0,1,0,0,0,0,0
0,9,3.5,0,0,1,0,0,0,0,0,0
0,160,3.0,0,1,0,0,0,0,0,0,0
1,202,3.5,0,1,0,0,0,0,0,0,0
1,149,3.5,1,0,0,0,0,0,0,0,0
0,1,4.0,1,0,0,0,0,0,0,0,0
0,71,4.0,0,0,1,0,0,0,0,0,0
1,156,4.0,0,0,0,0,0,0,1,0,0
0,147,3.0,0,0,0,0,1,0,0,0,0
0,35,4.0,0,0,1,0,0,0,0,0,0
1,229,4.0,0,0,0,0,1,0,0,0,0
1,685,3.5,1,0,0,0,0,0,0,0,0
1,151,4.5,0,0,0,0,0,0,1,0,0
0,29,4.0,0,0,0,0,0,0,0,0,1
0,36,3.5,0,0,0,0,0,0,1,0,0
0,37,4.0,0,1,0,0,0,0,0,0,0
0,49,4.0,0,0,0,0,1,0,0,0,0
0,1,4.0,0,0,0,0,0,1,0,0,0
0,1,4.0,0,0,0,0,1,0,0,0,0
0,17,4.5,0,0,0,0,0,1,0,0,0
1,235,3.5,1,0,0,0,0,0,0,0,0
0,53,3.5,0,0,0,0,1,0,0,0,0
0,276,3.0,0,0,0,0,0,0,1,0,0
0,13,4.0,0,1,0,0,0,0,0,0,0
0,36,4.5,1,0,0,0,0,0,0,0,0
0,56,4.0,0,0,0,0,1,0,0,0,0
0,5,3.5,0,0,0,0,1,0,0,0,0
0,12,3.0,0,0,0,0,0,0,1,0,0
1,113,4.0,0,1,0,0,0,0,0,0,0
0,11,4.0,0,1,0,0,0,0,0,0,0
0,55,3.5,0,0,0,0,0,0,0,1,0
0,6,3.5,0,0,0,1,0,0,0,0,0
0,24,3.5,0,0,0,0,1,0,0,0,0
0,67,4.0,0,0,0,1,0,0,0,0,0
1,253,4.0,0,0,0,1,0,0,0,0,0
1,287,4.0,1,0,0,0,0,0,0,0,0
1,212,3.5,1,0,0,0,0,0,0,0,0
1,201,3.5,0,1,0,0,0,0,0,0,0
0,10,4.0,0,1,0,0,0,0,0,0,0
0,36,4.0,0,0,0,0,0,0,1,0,0
0,29,3.5,0,0,0,0,1,0,0,0,0
0,2,4.5,0,0,0,0,1,0,0,0,0
1,922,4.0,0,0,0,0,0,0,1,0,0
0,5,3.0,0,0,0,0,1,0,0,0,0
1,109,3.5,0,1,0,0,0,0,0,0,0
0,87,3.0,0,0,0,0,1,0,0,0,0
0,14,4.5,0,0,0,0,1,0,0,0,0
0,7,4.0,0,0,1,0,0,0,0,0,0
0,4,3.0,0,1,0,0,0,0,0,0,0
1,147,4.5,0,1,0,0,0,0,0,0,0
0,30,4.0,0,1,0,0,0,0,0,0,0
1,195,4.0,0,1,0,0,0,0,0,0,0
0,10,3.5,0,0,0,0,1,0,0,0,0
0,2,5.0,0,0,0,0,1,0,0,0,0
0,2,4.5,0,0,0,1,0,0,0,0,0
0,1,4.0,0,0,0,1,0,0,0,0,0
0,33,4.5,0,0,0,0,0,1,0,0,0
1,99,4.0,0,0,0,0,0,0,0,1,0
0,3,3.5,0,0,0,1,0,0,0,0,0
0,9,3.5,0,1,0,0,0,0,0,0,0
0,295,3.0,1,0,0,0,0,0,0,0,0
1,151,4.0,0,0,0,0,0,0,0,0,1
0,31,3.5,0,0,0,1,0,0,0,0,0
1,202,3.5,0,1,0,0,0,0,0,0,0
0,35,3.5,0,0,0,0,1,0,0,0,0
0,56,3.0,0,0,0,1,0,0,0,0,0
0,61,4.0,0,1,0,0,0,0,0,0,0
0,13,4.0,0,0,0,0,0,0,1,0,0
0,6,3.0,0,0,0,0,1,0,0,0,0
0,3,3.5,0,0,0,1,0,0,0,0,0
0,191,3.0,0,0,0,0,1,0,0,0,0
1,105,3.5,0,0,0,1,0,0,0,0,0
0,79,3.0,0,1,0,0,0,0,0,0,0
1,306,4.0,1,0,0,0,0,0,0,0,0
0,5,4.0,0,0,0,0,0,0,1,0,0
0,70,3.5,0,1,0,0,0,0,0,0,0
0,14,3.0,0,1,0,0,0,0,0,0,0
0,31,3.0,0,0,0,0,0,0,1,0,0
1,194,3.5,0,0,0,0,0,0,1,0,0
1,634,4.0,0,1,0,0,0,0,0,0,0
1,190,3.5,0,0,0,1,0,0,0,0,0
0,45,3.0,0,0,0,1,0,0,0,0,0
0,73,3.5,0,1,0,0,0,0,0,0,0
0,30,3.0,0,1,0,0,0,0,0,0,0
1,250,4.0,0,0,0,0,1,0,0,0,0
0,65,3.5,0,0,0,0,0,0,1,0,0
0,1,4.0,0,0,0,0,0,1,0,0,0
0,39,3.5,0,0,0,0,1,0,0,0,0
0,4,3.0,0,0,0,0,1,0,0,0,0
0,47,4.0,0,0,0,1,0,0,0,0,0
0,38,3.5,0,1,0,0,0,0,0,0,0
0,1,4.0,0,1,0,0,0,0,0,0,0
0,5,3.0,0,0,0,1,0,0,0,0,0
0,20,3.5,0,0,0,0,1,0,0,0,0
0,5,3.0,0,0,0,1,0,0,0,0,0
0,8,4.5,0,0,0,0,1,0,0,0,0
1,112,3.5,0,0,0,0,1,0,0,0,0
0,11,3.0,0,0,0,0,1,0,0,0,0
0,109,3.0,0,0,0,0,1,0,0,0,0
0,8,3.5,0,0,0,0,1,0,0,0,0
0,26,4.0,0,0,1,0,0,0,0,0,0
0,57,4.5,0,0,0,0,1,0,0,0,0
0,45,4.0,0,0,0,0,0,0,0,0,1
1,122,3.5,0,1,0,0,0,0,0,0,0
0,14,3.0,0,0,0,0,1,0,0,0,0
0,53,3.0,1,0,0,0,0,0,0,0,0
0,55,3.0,1,0,0,0,0,0,0,0,0
0,101,3.0,0,0,0,0,1,0,0,0,0
0,42,3.5,0,0,0,0,0,0,1,0,0
0,7,3.0,0,0,0,1,0,0,0,0,0
1,274,3.5,0,1,0,0,0,0,0,0,0
0,1,5.0,0,1,0,0,0,0,0,0,0
0,68,4.0,0,0,1,0,0,0,0,0,0
0,3,3.5,0,0,1,0,0,0,0,0,0
0,67,3.5,1,0,0,0,0,0,0,0,0
0,69,3.0,0,0,0,1,0,0,0,0,0
0,100,3.0,1,0,0,0,0,0,0,0,0
0,4,5.0,0,0,0,1,0,0,0,0,0
0,22,3.5,0,0,0,0,1,0,0,0,0
0,1,4.0,0,0,0,0,1,0,0,0,0
0,2,4.0,0,0,0,1,0,0,0,0,0
0,5,4.0,0,0,0,0,0,0,1,0,0
1,531,3.5,0,0,0,0,0,0,1,0,0
1,132,3.5,1,0,0,0,0,0,0,0,0
1,105,4.0,0,0,0,1,0,0,0,0,0
0,2,4.5,0,0,0,0,1,0,0,0,0
0,279,3.0,1,0,0,0,0,0,0,0,0
1,114,4.0,1,0,0,0,0,0,0,0,0
0,1,5.0,0,1,0,0,0,0,0,0,0
0,8,3.0,0,0,0,0,0,0,1,0,0
0,1,4.0,0,1,0,0,0,0,0,0,0
0,10,3.5,0,1,0,0,0,0,0,0,0
0,13,3.0,0,1,0,0,0,0,0,0,0
0,1,3.0,0,1,0,0,0,0,0,0,0
1,146,4.0,0,1,0,0,0,0,0,0,0
1,278,3.5,1,0,0,0,0,0,0,0,0
0,23,3.5,1,0,0,0,0,0,0,0,0
1,268,4.5,0,0,1,0,0,0,0,0,0
0,16,4.5,0,0,0,1,0,0,0,0,0
0,8,3.5,0,1,0,0,0,0,0,0,0
0,66,3.5,0,1,0,0,0,0,0,0,0
0,44,3.5,0,0,0,0,0,0,1,0,0
0,19,4.5,0,0,0,0,0,0,0,1,0
0,50,4.0,0,0,0,0,0,0,1,0,0
0,41,3.5,0,0,1,0,0,0,0,0,0
0,7,3.0,1,0,0,0,0,0,0,0,0
0,61,3.5,0,1,0,0,0,0,0,0,0
0,26,4.0,1,0,0,0,0,0,0,0,0
0,4,4.0,0,0,0,0,1,0,0,0,0
0,23,3.5,0,0,0,0,1,0,0,0,0
0,9,3.0,0,0,1,0,0,0,0,0,0
0,40,3.5,0,0,0,0,1,0,0,0,0
0,48,3.0,1,0,0,0,0,0,0,0,0
0,168,3.0,1,0,0,0,0,0,0,0,0
1,149,3.5,0,0,0,0,1,0,0,0,0
0,249,3.0,0,0,0,0,0,0,1,0,0
0,1,5.0,0,0,0,0,0,0,1,0,0
0,13,3.0,0,0,0,1,0,0,0,0,0
0,1,4.0,0,0,0,0,1,0,0,0,0
0,7,3.0,0,0,0,0,1,0,0,0,0
0,24,3.0,0,0,0,0,1,0,0,0,0
0,36,4.0,0,0,0,0,0,1,0,0,0
0,25,3.0,0,0,0,0,1,0,0,0,0
0,12,3.0,1,0,0,0,0,0,0,0,0
0,48,3.5,0,1,0,0,0,0,0,0,0
0,2,4.0,0,0,0,0,1,0,0,0,0
0,73,3.0,0,0,0,0,0,0,1,0,0
1,126,4.5,0,0,1,0,0,0,0,0,0
0,1,5.0,0,0,0,0,1,0,0,0,0
0,88,3.0,0,0,1,0,0,0,0,0,0
0,273,3.0,1,0,0,0,0,0,0,0,0
0,3,4.5,1,0,0,0,0,0,0,0,0
1,155,3.5,1,0,0,0,0,0,0,0,0
1,112,4.0,0,0,0,0,1,0,0,0,0
1,208,4.5,0,0,0,0,1,0,0,0,0
0,2,4.0,0,0,0,0,1,0,0,0,0
0,25,4.0,0,1,0,0,0,0,0,0,0
0,6,4.5,0,0,0,0,1,0,0,0,0
1,208,4.0,0,0,1,0,0,0,0,0,0
0,71,3.5,1,0,0,0,0,0,0,0,0
0,5,4.0,0,1,0,0,0,0,0,0,0
0,5,3.5,0,1,0,0,0,0,0,0,0
1,394,4.0,0,1,0,0,0,0,0,0,0
0,44,4.0,0,0,0,0,1,0,0,0,0
0,2,3.0,0,1,0,0,0,0,0,0,0
0,10,3.5,0,0,0,0,1,0,0,0,0
0,76,3.0,0,1,0,0,0,0,0,0,0
0,5,5.0,0,0,0,1,0,0,0,0,0
0,12,4.0,0,0,0,1,0,0,0,0,0
0,40,3.5,0,0,0,0,0,0,0,1,0
1,104,3.5,0,0,0,0,0,1,0,0,0
0,4,4.0,0,1,0,0,0,0,0,0,0
0,37,4.0,0,1,0,0,0,0,0,0,0
0,2,4.0,0,1,0,0,0,0,0,0,0
0,41,3.0,1,0,0,0,0,0,0,0,0
0,36,3.5,1,0,0,0,0,0,0,0,0
0,17,3.0,0,1,0,0,0,0,0,0,0
0,23,4.0,0,0,0,0,0,0,0,0,1
0,6,3.5,0,1,0,0,0,0,0,0,0
1,720,4.0,1,0,0,0,0,0,0,0,0
0,254,3.0,1,0,0,0,0,0,0,0,0
1,215,3.5,0,0,0,0,0,0,1,0,0
0,44,3.5,0,0,0,1,0,0,0,0,0
0,26,3.5,0,1,0,0,0,0,0,0,0
0,101,3.0,1,0,0,0,0,0,0,0,0
1,429,4.0,0,0,0,0,0,0,1,0,0
1,118,3.5,1,0,0,0,0,0,0,0,0
1,219,3.5,1,0,0,0,0,0,0,0,0
0,30,3.5,0,1,0,0,0,0,0,0,0
0,2,5.0,0,0,0,0,0,0,0,1,0
1,114,4.0,0,1,0,0,0,0,0,0,0
0,49,4.0,0,0,0,0,1,0,0,0,0
0,168,3.0,0,0,0,0,0,0,0,1,0
0,30,3.5,0,0,0,0,0,0,1,0,0
1,99,3.5,0,1,0,0,0,0,0,0,0
1,163,4.0,0,1,0,0,0,0,0,0,0
0,24,3.0,0,0,0,0,1,0,0,0,0
0,9,3.0,0,1,0,0,0,0,0,0,0
0,58,3.5,0,0,0,0,0,0,0,1,0
0,6,4.5,0,1,0,0,0,0,0,0,0
0,6,4.5,0,1,0,0,0,0,0,0,0
0,21,4.5,0,0,0,1,0,0,0,0,0
0,36,3.5,0,0,0,0,1,0,0,0,0
0,5,4.0,0,0,1,0,0,0,0,0,0
0,1,4.0,0,0,0,0,1,0,0,0,0
0,22,3.5,0,0,0,1,0,0,0,0,0
0,88,3.0,0,0,0,0,0,0,0,1,0
0,28,4.0,0,0,1,0,0,0,0,0,0
0,69,3.0,1,0,0,0,0,0,0,0,0
1,264,3.5,0,1,0,0,0,0,0,0,0
0,14,4.0,1,0,0,0,0,0,0,0,0
0,13,3.5,0,0,1,0,0,0,0,0,0
1,182,3.5,1,0,0,0,0,0,0,0,0
1,286,3.5,1,0,0,0,0,0,0,0,0
0,75,3.5,0,1,0,0,0,0,0,0,0
0,34,3.0,0,0,1,0,0,0,0,0,0
0,6,4.5,0,0,0,0,0,0,1,0,0
0,13,3.5,0,0,1,0,0,0,0,0,0
0,12,3.5,0,0,0,0,1,0,0,0,0
0,51,4.0,0,0,0,0,1,0,0,0,0
1,190,3.5,0,0,0,0,1,0,0,0,0
0,3,4.5,0,0,0,0,0,0,1,0,0
0,1,3.0,0,1,0,0,0,0,0,0,0
0,29,3.5,1,0,0,0,0,0,0,0,0
1,319,4.0,0,0,0,0,0,0,1,0,0
0,7,4.0,0,0,0,0,0,0,0,0,1
0,17,4.0,0,0,0,1,0,0,0,0,0
0,6,3.0,0,0,0,1,0,0,0,0,0
0,33,4.5,1,0,0,0,0,0,0,0,0
0,48,3.0,0,0,1,0,0,0,0,0,0
0,13,3.5,0,1,0,0,0,0,0,0,0
0,37,4.0,0,1,0,0,0,0,0,0,0
0,35,3.0,0,1,0,0,0,0,0,0,0
0,21,3.0,0,0,1,0,0,0,0,0,0
0,35,4.5,0,0,0,1,0,0,0,0,0
0,37,3.0,0,0,0,0,1,0,0,0,0
0,23,3.5,0,1,0,0,0,0,0,0,0
1,128,4.0,0,0,1,0,0,0,0,0,0
0,2,4.5,0,0,0,0,0,0,1,0,0
1,351,3.5,0,1,0,0,0,0,0,0,0
0,53,3.5,0,1,0,0,0,0,0,0,0
0,354,3.0,0,0,0,0,1,0,0,0,0
0,7,3.0,0,1,0,0,0,0,0,0,0
0,68,3.0,1,0,0,0,0,0,0,0,0
1,260,4.5,0,0,0,0,0,0,0,0,1
1,327,4.0,0,0,0,0,0,0,1,0,0
0,14,3.0,0,0,0,0,1,0,0,0,0
0,17,3.0,0,0,0,0,1,0,0,0,0
1,280,4.0,0,1,0,0,0,0,0,0,0
1,473,4.0,1,0,0,0,0,0,0,0,0
0,1,4.0,0,1,0,0,0,0,0,0,0
0,25,3.5,0,1,0,0,0,0,0,0,0
0,34,3.0,0,0,0,1,0,0,0,0,0
0,3,3.5,0,0,0,0,1,0,0,0,0
0,13,3.0,0,0,0,0,1,0,0,0,0
0,6,4.5,0,0,0,1,0,0,0,0,0
1,118,3.5,0,0,0,0,0,0,1,0,0
0,191,3.0,1,0,0,0,0,0,0,0,0
0,12,4.5,0,0,0,0,1,0,0,0,0
0,2,3.5,0,0,0,0,0,1,0,0,0
0,22,3.0,1,0,0,0,0,0,0,0,0
0,11,3.5,0,0,0,1,0,0,0,0,0
0,99,3.0,0,1,0,0,0,0,0,0,0
1,119,4.0,1,0,0,0,0,0,0,0,0
1,545,4.5,1,0,0,0,0,0,0,0,0
0,9,5.0,0,0,0,0,0,0,1,0,0
0,30,4.5,0,0,0,0,1,0,0,0,0
0,2,5.0,0,1,0,0,0,0,0,0,0
1,480,4.0,0,0,0,0,1,0,0,0,0
1,193,3.5,1,0,0,0,0,0,0,0,0
1,157,4.0,0,0,0,0,1,0,0,0,0
1,106,3.5,0,0,0,0,1,0,0,0,0
0,38,3.0,0,0,0,1,0,0,0,0,0
0,75,3.0,0,1,0,0,0,0,0,0,0
0,146,3.0,0,0,0,0,0,0,1,0,0
0,6,3.0,0,0,0,0,1,0,0,0,0
0,16,3.0,0,1,0,0,0,0,0,0,0
1,98,3.5,0,1,0,0,0,0,0,0,0
0,34,3.5,0,0,0,0,0,0,0,0,1
0,13,4.0,0,0,0,0,1,0,0,0,0
0,1,4.0,0,1,0,0,0,0,0,0,0
0,23,3.0,0,0,1,0,0,0,0,0,0
0,95,3.0,0,0,0,0,0,1,0,0,0
1,848,4.0,0,1,0,0,0,0,0,0,0
0,19,3.5,0,0,1,0,0,0,0,0,0
0,10,4.0,0,0,0,1,0,0,0,0,0
0,9,4.0,0,1,0,0,0,0,0,0,0
0,29,4.0,0,0,0,0,1,0,0,0,0
0,14,3.0,0,0,0,0,0,0,1,0,0
1,342,3.5,1,0,0,0,0,0,0,0,0
1,106,3.5,1,0,0,0,0,0,0,0,0
0,87,3.0,0,0,0,0,1,0,0,0,0
0,71,4.0,1,0,0,0,0,0,0,0,0
0,10,3.5,0,0,0,0,1,0,0,0,0
0,96,3.0,0,1,0,0,0,0,0,0,0
0,18,3.0,0,1,0,0,0,0,0,0,0
0,12,3.0,0,0,0,1,0,0,0,0,0
0,1,4.0,0,0,0,0,0,0,1,0,0
0,5,3.5,0,1,0,0,0,0,0,0,0
0,43,3.0,0,0,0,0,1,0,0,0,0
1,210,4.0,1,0,0,0,0,0,0,0,0
0,8,4.0,0,0,0,0,1,0,0,0,0
1,101,3.5,0,0,0,1,0,0,0,0,0
1,896,4.0,0,0,0,0,0,0,1,0,0
1,104,3.5,0,0,0,0,0,0,1,0,0
0,3,4.5,0,0,0,0,1,0,0,0,0
1,288,3.5,1,0,0,0,0,0,0,0,0
0,3,4.0,0,0,0,0,0,0,1,0,0
0,57,3.0,0,0,0,0,0,0,1,0,0
0,9,3.5,0,1,0,0,0,0,0,0,0
0,6,3.5,0,1,0,0,0,0,0,0,0
1,305,4.0,0,0,0,0,1,0,0,0,0
0,20,3.5,0,0,0,1,0,0,0,0,0
0,2,5.0,0,0,0,0,1,0,0,0,0
1,150,3.5,0,0,0,0,0,0,1,0,0
0,135,3.0,0,0,0,0,0,0,1,0,0
0,62,3.5,0,0,0,0,1,0,0,0,0
0,69,4.5,0,0,0,0,0,0,1,0,0
1,128,3.5,1,0,0,0,0,0,0,0,0
0,22,3.5,0,0,0,1,0,0,0,0,0
1,457,3.5,0,0,0,0,1,0,0,0,0
0,2,4.5,0,0,0,0,0,0,1,0,0
0,75,3.5,0,0,0,0,1,0,0,0,0
1,338,3.5,0,0,0,0,1,0,0,0,0
0,14,3.5,0,0,0,0,1,0,0,0,0
0,11,3.5,0,0,0,0,0,0,0,0,1
0,52,4.0,0,0,0,0,1,0,0,0,0
1,120,3.5,0,0,0,1,0,0,0,0,0
0,1,5.0,0,0,0,1,0,0,0,0,0
0,66,4.0,0,1,0,0,0,0,0,0,0
0,40,3.0,0,1,0,0,0,0,0,0,0
0,1,5.0,0,0,0,1,0,0,0,0,0
1,137,4.0,0,0,0,1,0,0,0,0,0
0,15,3.0,0,0,1,0,0,0,0,0,0
0,38,3.0,1,0,0,0,0,0,0,0,0
0,637,3.0,1,0,0,0,0,0,0,0,0
1,414,4.0,0,0,0,0,0,0,0,0,1
1,134,4.0,0,0,0,0,0,0,1,0,0
1,171,4.5,0,0,0,0,1,0,0,0,0
0,61,4.5,0,0,0,0,0,0,1,0,0
0,10,4.5,0,0,0,0,0,0,1,0,0
0,26,3.0,1,0,0,0,0,0,0,0,0
0,4,4.5,0,0,0,0,1,0,0,0,0
0,2,4.5,0,0,0,0,0,0,0,0,1
0,46,4.5,0,0,0,1,0,0,0,0,0
0,24,3.0,0,1,0,0,0,0,0,0,0
0,1,4.0,0,0,0,0,0,0,1,0,0
0,28,4.0,0,1,0,0,0,0,0,0,0
0,5,3.0,0,1,0,0,0,0,0,0,0
1,100,4.0,0,0,0,0,0,0,1,0,0
0,1,5.0,1,0,0,0,0,0,0,0,0
1,314,3.5,1,0,0,0,0,0,0,0,0
1,558,3.5,1,0,0,0,0,0,0,0,0
0,1,5.0,0,0,0,0,1,0,0,0,0
0,17,4.5,0,1,0,0,0,0,0,0,0
0,46,3.5,0,0,0,0,1,0,0,0,0
0,46,3.0,1,0,0,0,0,0,0,0,0
0,12,4.0,0,0,1,0,0,0,0,0,0
0,128,3.0,1,0,0,0,0,0,0,0,0
1,147,4.0,0,0,0,0,1,0,0,0,0
0,50,4.0,0,0,0,0,1,0,0,0,0
0,12,3.5,1,0,0,0,0,0,0,0,0
0,1,4.0,0,0,0,0,1,0,0,0,0
0,1,5.0,0,1,0,0,0,0,0,0,0
0,16,4.0,0,0,0,1,0,0,0,0,0
0,49,4.0,0,0,0,1,0,0,0,0,0
0,21,3.5,0,1,0,0,0,0,0,0,0
0,27,3.0,0,1,0,0,0,0,0,0,0
1,249,4.0,1,0,0,0,0,0,0,0,0
0,48,3.0,0,0,0,0,0,0,1,0,0
0,1,5.0,0,0,0,1,0,0,0,0,0
1,483,4.0,0,1,0,0,0,0,0,0,0
0,8,4.5,0,0,0,0,1,0,0,0,0
0,7,3.0,0,0,1,0,0,0,0,0,0
0,13,3.0,0,0,0,0,0,0,1,0,0
0,61,3.5,0,1,0,0,0,0,0,0,0
0,20,4.5,0,1,0,0,0,0,0,0,0
0,42,3.5,0,0,0,0,1,0,0,0,0
0,1,5.0,0,0,0,0,1,0,0,0,0
0,2,3.0,0,0,0,1,0,0,0,0,0
0,2,4.5,0,1,0,0,0,0,0,0,0
0,33,3.5,0,1,0,0,0,0,0,0,0
1,130,3.5,1,0,0,0,0,0,0,0,0
0,20,3.5,0,0,0,1,0,0,0,0,0
0,48,3.0,0,0,0,0,0,0,1,0,0
0,4,5.0,0,1,0,0,0,0,0,0,0
0,75,3.0,1,0,0,0,0,0,0,0,0
0,4,3.5,0,0,0,1,0,0,0,0,0
0,6,3.5,0,0,0,0,1,0,0,0,0
0,29,4.0,1,0,0,0,0,0,0,0,0
1,115,3.5,1,0,0,0,0,0,0,0,0
0,1,5.0,0,1,0,0,0,0,0,0,0
0,53,4.5,0,0,0,0,0,0,1,0,0
1,151,4.0,1,0,0,0,0,0,0,0,0
1,116,4.0,0,0,0,0,1,0,0,0,0
0,57,3.5,1,0,0,0,0,0,0,0,0
0,57,3.5,0,0,0,1,0,0,0,0,0
0,26,3.5,0,0,0,0,1,0,0,0,0
1,376,4.0,1,0,0,0,0,0,0,0,0
1,457,3.5,0,0,0,0,0,0,1,0,0
0,21,3.5,0,0,0,1,0,0,0,0,0
0,46,4.0,1,0,0,0,0,0,0,0,0
0,29,4.0,1,0,0,0,0,0,0,0,0
1,212,3.5,0,0,0,0,1,0,0,0,0
0,13,3.0,0,1,0,0,0,0,0,0,0
0,18,4.0,0,1,0,0,0,0,0,0,0
0,23,3.5,0,0,1,0,0,0,0,0,0
0,54,4.0,0,0,0,1,0,0,0,0,0
0,3,4.5,1,0,0,0,0,0,0,0,0
1,239,3.5,0,1,0,0,0,0,0,0,0
0,14,4.0,0,1,0,0,0,0,0,0,0
0,1,3.0,0,1,0,0,0,0,0,0,0
0,56,4.0,0,0,1,0,0,0,0,0,0
0,75,3.0,0,0,0,0,0,0,0,1,0
0,4,5.0,0,0,0,1,0,0,0,0,0
1,447,3.5,0,1,0,0,0,0,0,0,0
0,6,4.0,0,0,0,0,1,0,0,0,0
0,1,5.0,0,0,0,1,0,0,0,0,0
0,12,3.5,0,0,0,0,1,0,0,0,0
1,155,3.5,0,1,0,0,0,0,0,0,0
0,29,3.5,0,1,0,0,0,0,0,0,0
0,58,3.5,1,0,0,0,0,0,0,0,0
0,29,4.0,0,0,0,0,1,0,0,0,0
0,2,3.5,0,0,0,1,0,0,0,0,0
0,1,4.0,0,0,0,0,0,0,1,0,0
0,11,3.5,0,0,0,0,1,0,0,0,0
1,483,4.0,0,1,0,0,0,0,0,0,0
0,7,4.0,0,0,0,1,0,0,0,0,0
0,31,4.5,0,0,0,0,1,0,0,0,0
0,3,4.5,0,0,0,0,1,0,0,0,0
0,3,3.5,0,0,0,0,0,1,0,0,0
1,260,4.0,0,0,0,0,1,0,0,0,0
0,9,3.5,1,0,0,0,0,0,0,0,0
0,17,3.5,0,1,0,0,0,0,0,0,0
1,127,4.0,0,1,0,0,0,0,0,0,0
0,42,3.5,0,0,1,0,0,0,0,0,0
0,70,4.0,0,0,0,1,0,0,0,0,0
0,71,3.5,0,0,0,0,0,0,0,1,0
0,3,4.0,0,1,0,0,0,0,0,0,0
0,2,5.0,0,0,0,1,0,0,0,0,0
1,560,4.0,0,0,0,0,0,0,1,0,0
0,12,3.5,0,1,0,0,0,0,0,0,0
0,1,4.0,0,0,0,1,0,0,0,0,0
1,136,4.0,0,0,0,0,0,0,1,0,0
0,14,3.0,1,0,0,0,0,0,0,0,0
1,418,3.5,0,0,0,1,0,0,0,0,0
0,31,4.0,0,0,0,0,0,1,0,0,0
0,3,3.5,0,0,0,0,1,0,0,0,0
1,138,3.5,1,0,0,0,0,0,0,0,0
0,12,4.0,1,0,0,0,0,0,0,0,0
1,169,4.0,0,1,0,0,0,0,0,0,0
0,157,3.0,0,0,0,0,0,0,1,0,0
1,211,4.0,0,0,0,0,1,0,0,0,0
1,119,4.0,0,0,1,0,0,0,0,0,0
1,139,3.5,1,0,0,0,0,0,0,0,0
0,95,3.0,1,0,0,0,0,0,0,0,0
0,15,4.0,0,1,0,0,0,0,0,0,0
0,58,3.5,0,0,0,0,0,0,1,0,0
0,17,3.5,0,1,0,0,0,0,0,0,0
0,21,3.5,0,1,0,0,0,0,0,0,0
0,20,3.5,0,0,0,0,0,0,1,0,0
0,4,5.0,0,0,0,0,1,0,0,0,0
0,13,3.0,0,1,0,0,0,0,0,0,0
0,25,3.5,0,0,0,0,1,0,0,0,0
0,4,4.0,0,0,0,0,1,0,0,0,0
0,14,3.5,0,0,0,0,1,0,0,0,0
0,87,3.0,0,1,0,0,0,0,0,0,0
0,34,3.5,0,1,0,0,0,0,0,0,0
0,17,4.0,0,0,1,0,0,0,0,0,0
1,487,3.5,0,0,0,0,0,0,1,0,0
1,98,4.0,0,0,0,0,1,0,0,0,0
0,35,4.0,0,1,0,0,0,0,0,0,0
0,739,3.0,0,1,0,0,0,0,0,0,0
0,29,3.5,1,0,0,0,0,0,0,0,0
0,3,3.0,0,0,0,0,0,0,1,0,0
0,3,4.5,0,0,0,0,0,1,0,0,0
0,1,4.0,0,1,0,0,0,0,0,0,0
0,44,3.5,0,0,1,0,0,0,0,0,0
0,8,3.5,0,1,0,0,0,0,0,0,0
0,15,3.0,1,0,0,0,0,0,0,0,0
0,8,5.0,0,0,0,0,1,0,0,0,0
0,30,3.5,0,0,0,0,0,0,0,1,0
0,67,4.0,0,0,0,0,1,0,0,0,0
1,583,3.5,0,1,0,0,0,0,0,0,0
1,896,4.0,1,0,0,0,0,0,0,0,0
0,4,3.0,0,0,0,0,1,0,0,0,0
1,175,4.0,1,0,0,0,0,0,0,0,0
1,516,4.0,0,0,0,0,0,0,1,0,0
0,58,3.5,0,0,0,0,1,0,0,0,0
0,51,3.5,1,0,0,0,0,0,0,0,0
0,295,3.0,0,0,0,0,0,0,1,0,0
0,3,3.0,0,1,0,0,0,0,0,0,0
0,14,3.5,0,0,1,0,0,0,0,0,0
0,42,3.0,1,0,0,0,0,0,0,0,0
0,11,4.5,0,1,0,0,0,0,0,0,0
0,10,4.5,0,0,0,0,1,0,0,0,0
0,1,3.0,0,0,0,0,1,0,0,0,0
0,64,3.5,1,0,0,0,0,0,0,0,0
0,63,3.5,0,0,0,0,0,0,1,0,0
0,23,4.0,1,0,0,0,0,0,0,0,0
0,47,3.5,0,0,0,0,1,0,0,0,0
0,61,4.0,0,0,0,0,0,1,0,0,0
0,42,3.5,0,1,0,0,0,0,0,0,0
0,25,3.5,0,1,0,0,0,0,0,0,0
0,73,3.5,0,0,0,1,0,0,0,0,0
0,3,5.0,0,0,0,0,1,0,0,0,0
0,1,5.0,0,0,0,0,1,0,0,0,0
0,27,3.5,0,1,0,0,0,0,0,0,0
0,26,3.0,0,0,0,0,1,0,0,0,0
0,129,3.0,0,0,0,0,0,0,1,0,0
0,7,4.5,0,0,0,0,1,0,0,0,0
0,34,3.5,0,0,0,0,0,1,0,0,0
0,28,4.5,0,0,0,0,1,0,0,0,0
0,4,4.5,0,1,0,0,0,0,0,0,0
0,19,4.5,0,1,0,0,0,0,0,0,0
0,10,3.5,0,0,0,0,1,0,0,0,0
0,18,3.5,0,0,0,1,0,0,0,0,0
0,10,3.0,0,0,0,1,0,0,0,0,0
0,39,4.5,0,0,0,1,0,0,0,0,0
0,26,3.0,1,0,0,0,0,0,0,0,0
1,306,4.0,0,0,1,0,0,0,0,0,0
0,23,3.5,0,1,0,0,0,0,0,0,0
0,37,5.0,0,0,0,0,1,0,0,0,0
0,1,4.0,0,0,0,0,0,0,0,1,0
0,15,3.5,0,0,0,0,0,1,0,0,0
0,4,3.5,0,0,0,0,0,0,1,0,0
1,115,3.5,0,0,0,0,1,0,0,0,0
0,33,3.0,0,1,0,0,0,0,0,0,0
1,334,4.0,0,0,0,0,1,0,0,0,0
0,82,3.0,1,0,0,0,0,0,0,0,0
0,50,3.5,0,1,0,0,0,0,0,0,0
0,7,3.5,0,0,0,0,0,1,0,0,0
0,29,3.0,1,0,0,0,0,0,0,0,0
1,140,3.5,0,0,0,0,0,0,1,0,0
1,204,3.5,0,0,0,0,0,0,1,0,0
0,78,3.0,0,1,0,0,0,0,0,0,0
1,209,3.5,0,1,0,0,0,0,0,0,0
0,2,4.5,0,0,0,0,0,1,0,0,0
0,32,3.0,0,0,0,1,0,0,0,0,0
0,8,4.5,0,1,0,0,0,0,0,0,0
0,50,3.5,0,0,0,1,0,0,0,0,0
0,14,4.5,0,0,0,0,1,0,0,0,0
0,46,3.0,1,0,0,0,0,0,0,0,0
0,36,3.5,0,1,0,0,0,0,0,0,0
0,2,4.5,0,0,0,1,0,0,0,0,0
0,6,3.5,1,0,0,0,0,0,0,0,0
0,4,4.5,1,0,0,0,0,0,0,0,0
0,37,4.0,0,0,0,0,0,1,0,0,0
0,120,3.0,1,0,0,0,0,0,0,0,0
0,15,3.5,0,1,0,0,0,0,0,0,0
0,3,4.0,0,1,0,0,0,0,0,0,0
1,273,3.5,0,1,0,0,0,0,0,0,0
0,139,3.0,1,0,0,0,0,0,0,0,0
0,8,3.5,1,0,0,0,0,0,0,0,0
1,139,4.0,0,0,0,0,0,0,0,0,1
0,31,4.0,0,1,0,0,0,0,0,0,0
0,48,4.0,0,0,0,0,1,0,0,0,0
0,16,4.0,0,0,0,1,0,0,0,0,0
0,12,3.5,0,1,0,0,0,0,0,0,0
1,198,4.5,0,0,0,0,1,0,0,0,0
0,11,4.0,0,0,0,0,1,0,0,0,0
1,220,4.5,1,0,0,0,0,0,0,0,0
0,21,3.5,0,0,0,0,0,0,1,0,0
1,204,3.5,0,1,0,0,0,0,0,0,0
0,18,4.5,0,0,1,0,0,0,0,0,0
0,43,3.5,0,1,0,0,0,0,0,0,0
0,12,3.0,0,0,0,0,1,0,0,0,0
0,48,3.5,1,0,0,0,0,0,0,0,0
0,7,4.5,0,0,0,0,1,0,0,0,0
0,63,4.0,0,0,1,0,0,0,0,0,0
0,13,3.0,0,0,0,0,1,0,0,0,0
0,71,3.5,1,0,0,0,0,0,0,0,0
0,41,4.5,0,0,0,0,1,0,0,0,0
1,109,3.5,0,0,0,0,0,0,1,0,0
0,53,4.0,0,0,0,0,1,0,0,0,0
0,11,3.0,0,0,1,0,0,0,0,0,0
1,262,4.0,0,1,0,0,0,0,0,0,0
1,198,4.0,0,0,0,0,1,0,0,0,0
0,24,4.0,0,0,0,0,0,0,1,0,0
0,158,3.0,0,0,0,0,1,0,0,0,0
0,17,4.0,0,0,0,1,0,0,0,0,0
0,129,3.0,0,1,0,0,0,0,0,0,0
0,23,3.0,0,0,0,0,0,0,1,0,0
0,75,3.0,0,0,0,0,0,0,1,0,0
1,182,3.5,0,0,0,0,0,0,1,0,0
0,2,4.5,0,1,0,0,0,0,0,0,0
0,11,4.0,0,1,0,0,0,0,0,0,0
0,34,3.0,0,0,1,0,0,0,0,0,0
0,4,3.0,1,0,0,0,0,0,0,0,0
1,243,4.5,0,0,0,1,0,0,0,0,0
0,109,3.0,1,0,0,0,0,0,0,0,0
0,13,4.0,0,0,0,1,0,0,0,0,0
0,38,3.0,0,0,0,0,0,0,1,0,0
0,71,4.0,0,0,0,0,1,0,0,0,0
1,139,3.5,1,0,0,0,0,0,0,0,0
1,130,3.5,1,0,0,0,0,0,0,0,0
0,35,3.5,0,0,0,0,1,0,0,0,0
0,2,4.5,1,0,0,0,0,0,0,0,0
0,3,4.0,0,0,0,0,1,0,0,0,0
0,378,3.0,0,0,0,0,0,0,1,0,0
0,47,3.5,0,1,0,0,0,0,0,0,0
0,16,3.0,0,0,1,0,0,0,0,0,0
0,24,4.5,0,0,0,0,0,0,0,0,1
0,33,3.0,0,1,0,0,0,0,0,0,0
0,35,3.5,1,0,0,0,0,0,0,0,0
0,3,3.5,0,0,0,0,0,0,0,0,1
0,19,4.0,1,0,0,0,0,0,0,0,0
1,104,3.5,0,0,0,0,1,0,0,0,0
0,145,3.0,1,0,0,0,0,0,0,0,0
0,53,4.5,0,0,0,0,1,0,0,0,0
0,51,3.5,0,0,0,1,0,0,0,0,0
0,66,3.5,0,0,0,0,0,0,0,0,1
0,37,4.0,0,0,0,0,1,0,0,0,0
0,71,3.5,0,1,0,0,0,0,0,0,0
0,24,4.5,0,0,0,0,0,0,1,0,0
0,4,5.0,1,0,0,0,0,0,0,0,0
0,59,4.0,0,0,0,0,1,0,0,0,0
1,150,3.5,1,0,0,0,0,0,0,0,0
0,53,4.0,0,0,0,0,1,0,0,0,0
0,9,4.0,0,0,0,1,0,0,0,0,0
1,403,4.0,1,0,0,0,0,0,0,0,0
0,4,4.0,0,0,0,0,1,0,0,0,0
0,2,3.0,0,1,0,0,0,0,0,0,0
0,26,4.0,0,1,0,0,0,0,0,0,0
0,52,4.0,0,0,0,0,0,0,1,0,0
1,515,4.5,0,0,0,0,1,0,0,0,0
0,42,3.5,0,1,0,0,0,0,0,0,0
0,4,3.0,0,1,0,0,0,0,0,0,0
0,6,3.5,0,0,0,0,0,0,1,0,0
1,334,4.0,0,0,0,0,1,0,0,0,0
0,3,4.5,0,0,0,0,1,0,0,0,0
1,137,4.0,0,1,0,0,0,0,0,0,0
0,11,3.5,0,1,0,0,0,0,0,0,0
0,41,3.0,0,1,0,0,0,0,0,0,0
0,3,4.5,0,0,0,1,0,0,0,0,0
0,56,4.0,0,0,0,0,1,0,0,0,0
0,52,4.5,0,0,0,0,1,0,0,0,0
0,22,3.0,0,0,0,0,0,0,1,0,0
1,252,3.5,0,1,0,0,0,0,0,0,0
0,171,3.0,0,1,0,0,0,0,0,0,0
0,14,4.0,0,0,0,0,1,0,0,0,0
1,101,3.5,1,0,0,0,0,0,0,0,0
1,246,4.0,1,0,0,0,0,0,0,0,0
0,10,3.0,1,0,0,0,0,0,0,0,0
0,12,4.0,0,1,0,0,0,0,0,0,0
0,48,3.0,0,0,0,0,0,0,1,0,0
0,7,3.0,0,0,0,1,0,0,0,0,0
0,4,4.0,0,0,0,0,1,0,0,0,0
0,1,5.0,0,0,0,0,1,0,0,0,0
0,44,3.5,0,1,0,0,0,0,0,0,0
0,7,4.0,0,0,1,0,0,0,0,0,0
0,150,3.0,1,0,0,0,0,0,0,0,0
0,22,3.5,0,1,0,0,0,0,0,0,0
1,121,4.0,1,0,0,0,0,0,0,0,0
0,38,4.0,0,0,0,0,1,0,0,0,0
0,50,3.5,0,0,0,0,1,0,0,0,0
1,181,4.0,1,0,0,0,0,0,0,0,0
0,5,3.0,0,0,0,0,1,0,0,0,0
1,247,3.5,0,0,0,0,0,1,0,0,0
0,33,4.0,0,0,0,0,1,0,0,0,0
0,28,3.5,0,0,0,0,1,0,0,0,0
0,20,3.0,0,1,0,0,0,0,0,0,0
0,15,3.0,0,0,0,0,1,0,0,0,0
0,2,3.0,0,0,0,0,1,0,0,0,0
0,85,3.0,0,0,0,0,1,0,0,0,0
